{
    "name": {
        "translate": "mineeemotes.emote.name.miemthrowitemaround",
        "fallback": "Throw an object around you"
    },
    "author": "MineEmotes",
    "description": {
        "translate": "mineeemotes.emote.description.miemthrowitemaround",
        "fallback": "Look how I can!"
    },
    "emote": {
        "isLoop": "false",
        "returnTick": 1,
        "beginTick": 1,
        "endTick": 51,
        "stopTick": 52,
        "degrees": false,
        "moves": [
            {
                "tick": 51,
                "easing": "LINEAR",
                "turn": 0,
                "head": {
                    "x": -0.0
                }
            },
            {
                "tick": 51,
                "easing": "LINEAR",
                "turn": 0,
                "head": {
                    "z": -0.0
                }
            },
            {
                "tick": 51,
                "easing": "LINEAR",
                "turn": 0,
                "head": {
                    "y": -0.0
                }
            },
            {
                "tick": 51,
                "easing": "LINEAR",
                "turn": 0,
                "head": {
                    "pitch": 0.0
                }
            },
            {
                "tick": 51,
                "easing": "LINEAR",
                "turn": 0,
                "head": {
                    "roll": 0.0
                }
            },
            {
                "tick": 1,
                "easing": "LINEAR",
                "turn": 0,
                "head": {
                    "yaw": 0.0127246780321002
                }
            },
            {
                "tick": 2,
                "easing": "LINEAR",
                "turn": 0,
                "head": {
                    "yaw": 0.04726308211684227
                }
            },
            {
                "tick": 3,
                "easing": "LINEAR",
                "turn": 0,
                "head": {
                    "yaw": 0.09816178679466248
                }
            },
            {
                "tick": 4,
                "easing": "LINEAR",
                "turn": 0,
                "head": {
                    "yaw": 0.1599673479795456
                }
            },
            {
                "tick": 5,
                "easing": "LINEAR",
                "turn": 0,
                "head": {
                    "yaw": 0.2272263765335083
                }
            },
            {
                "tick": 6,
                "easing": "LINEAR",
                "turn": 0,
                "head": {
                    "yaw": 0.29448533058166504
                }
            },
            {
                "tick": 7,
                "easing": "LINEAR",
                "turn": 0,
                "head": {
                    "yaw": 0.35629093647003174
                }
            },
            {
                "tick": 8,
                "easing": "LINEAR",
                "turn": 0,
                "head": {
                    "yaw": 0.40718963742256165
                }
            },
            {
                "tick": 9,
                "easing": "LINEAR",
                "turn": 0,
                "head": {
                    "yaw": 0.4417281150817871
                }
            },
            {
                "tick": 10,
                "easing": "LINEAR",
                "turn": 0,
                "head": {
                    "yaw": 0.4544527530670166
                }
            },
            {
                "tick": 11,
                "easing": "LINEAR",
                "turn": 0,
                "head": {
                    "yaw": 0.40718966722488403
                }
            },
            {
                "tick": 12,
                "easing": "LINEAR",
                "turn": 0,
                "head": {
                    "yaw": 0.2944853901863098
                }
            },
            {
                "tick": 13,
                "easing": "LINEAR",
                "turn": 0,
                "head": {
                    "yaw": 0.1599673628807068
                }
            },
            {
                "tick": 14,
                "easing": "LINEAR",
                "turn": 0,
                "head": {
                    "yaw": 0.04726302623748779
                }
            },
            {
                "tick": 15,
                "easing": "LINEAR",
                "turn": 0,
                "head": {
                    "yaw": -0.0
                }
            },
            {
                "tick": 51,
                "easing": "LINEAR",
                "turn": 0,
                "head": {
                    "yaw": -0.0
                }
            },
            {
                "tick": 51,
                "easing": "LINEAR",
                "turn": 0,
                "torso": {
                    "x": 0.0
                }
            },
            {
                "tick": 51,
                "easing": "LINEAR",
                "turn": 0,
                "torso": {
                    "z": -0.0
                }
            },
            {
                "tick": 51,
                "easing": "LINEAR",
                "turn": 0,
                "torso": {
                    "y": 0.0
                }
            },
            {
                "tick": 51,
                "easing": "LINEAR",
                "turn": 0,
                "torso": {
                    "pitch": -0.0
                }
            },
            {
                "tick": 51,
                "easing": "LINEAR",
                "turn": 0,
                "torso": {
                    "roll": 0.0
                }
            },
            {
                "tick": 1,
                "easing": "LINEAR",
                "turn": 0,
                "torso": {
                    "yaw": -0.012217306531965733
                }
            },
            {
                "tick": 2,
                "easing": "LINEAR",
                "turn": 0,
                "torso": {
                    "yaw": -0.045378558337688446
                }
            },
            {
                "tick": 3,
                "easing": "LINEAR",
                "turn": 0,
                "torso": {
                    "yaw": -0.09424778074026108
                }
            },
            {
                "tick": 4,
                "easing": "LINEAR",
                "turn": 0,
                "torso": {
                    "yaw": -0.15358898043632507
                }
            },
            {
                "tick": 5,
                "easing": "LINEAR",
                "turn": 0,
                "torso": {
                    "yaw": -0.21816617250442505
                }
            },
            {
                "tick": 6,
                "easing": "LINEAR",
                "turn": 0,
                "torso": {
                    "yaw": -0.28274333477020264
                }
            },
            {
                "tick": 7,
                "easing": "LINEAR",
                "turn": 0,
                "torso": {
                    "yaw": -0.3420845568180084
                }
            },
            {
                "tick": 8,
                "easing": "LINEAR",
                "turn": 0,
                "torso": {
                    "yaw": -0.39095377922058105
                }
            },
            {
                "tick": 9,
                "easing": "LINEAR",
                "turn": 0,
                "torso": {
                    "yaw": -0.42411497235298157
                }
            },
            {
                "tick": 10,
                "easing": "LINEAR",
                "turn": 0,
                "torso": {
                    "yaw": -0.4363323748111725
                }
            },
            {
                "tick": 11,
                "easing": "LINEAR",
                "turn": 0,
                "torso": {
                    "yaw": -0.39095377922058105
                }
            },
            {
                "tick": 12,
                "easing": "LINEAR",
                "turn": 0,
                "torso": {
                    "yaw": -0.282743364572525
                }
            },
            {
                "tick": 13,
                "easing": "LINEAR",
                "turn": 0,
                "torso": {
                    "yaw": -0.15358899533748627
                }
            },
            {
                "tick": 14,
                "easing": "LINEAR",
                "turn": 0,
                "torso": {
                    "yaw": -0.04537850618362427
                }
            },
            {
                "tick": 15,
                "easing": "LINEAR",
                "turn": 0,
                "torso": {
                    "yaw": 0.0
                }
            },
            {
                "tick": 51,
                "easing": "LINEAR",
                "turn": 0,
                "torso": {
                    "yaw": 0.0
                }
            },
            {
                "tick": 51,
                "easing": "LINEAR",
                "turn": 0,
                "rightArm": {
                    "x": -5.0
                }
            },
            {
                "tick": 51,
                "easing": "LINEAR",
                "turn": 0,
                "rightArm": {
                    "z": -0.0
                }
            },
            {
                "tick": 51,
                "easing": "LINEAR",
                "turn": 0,
                "rightArm": {
                    "y": 2.0
                }
            },
            {
                "tick": 1,
                "easing": "LINEAR",
                "turn": 0,
                "rightArm": {
                    "pitch": 0.042501553893089294
                }
            },
            {
                "tick": 2,
                "easing": "LINEAR",
                "turn": 0,
                "rightArm": {
                    "pitch": 0.1580425649881363
                }
            },
            {
                "tick": 3,
                "easing": "LINEAR",
                "turn": 0,
                "rightArm": {
                    "pitch": 0.3286776840686798
                }
            },
            {
                "tick": 4,
                "easing": "LINEAR",
                "turn": 0,
                "rightArm": {
                    "pitch": 0.536461353302002
                }
            },
            {
                "tick": 5,
                "easing": "LINEAR",
                "turn": 0,
                "rightArm": {
                    "pitch": 0.7634481191635132
                }
            },
            {
                "tick": 6,
                "easing": "LINEAR",
                "turn": 0,
                "rightArm": {
                    "pitch": 0.991692841053009
                }
            },
            {
                "tick": 7,
                "easing": "LINEAR",
                "turn": 0,
                "rightArm": {
                    "pitch": 1.2032495737075806
                }
            },
            {
                "tick": 8,
                "easing": "LINEAR",
                "turn": 0,
                "rightArm": {
                    "pitch": 1.3801733255386353
                }
            },
            {
                "tick": 9,
                "easing": "LINEAR",
                "turn": 0,
                "rightArm": {
                    "pitch": 1.5045185089111328
                }
            },
            {
                "tick": 10,
                "easing": "LINEAR",
                "turn": 0,
                "rightArm": {
                    "pitch": 1.5583398342132568
                }
            },
            {
                "tick": 11,
                "easing": "LINEAR",
                "turn": 0,
                "rightArm": {
                    "pitch": 1.5685694217681885
                }
            },
            {
                "tick": 12,
                "easing": "LINEAR",
                "turn": 0,
                "rightArm": {
                    "pitch": 1.5747742652893066
                }
            },
            {
                "tick": 13,
                "easing": "LINEAR",
                "turn": 0,
                "rightArm": {
                    "pitch": 1.5779603719711304
                }
            },
            {
                "tick": 14,
                "easing": "LINEAR",
                "turn": 0,
                "rightArm": {
                    "pitch": 1.579134464263916
                }
            },
            {
                "tick": 15,
                "easing": "LINEAR",
                "turn": 0,
                "rightArm": {
                    "pitch": 1.5793020725250244
                }
            },
            {
                "tick": 39,
                "easing": "LINEAR",
                "turn": 0,
                "rightArm": {
                    "pitch": 1.5793346166610718
                }
            },
            {
                "tick": 40,
                "easing": "LINEAR",
                "turn": 0,
                "rightArm": {
                    "pitch": 1.579562783241272
                }
            },
            {
                "tick": 41,
                "easing": "LINEAR",
                "turn": 0,
                "rightArm": {
                    "pitch": 1.5801819562911987
                }
            },
            {
                "tick": 42,
                "easing": "LINEAR",
                "turn": 0,
                "rightArm": {
                    "pitch": 1.5813876390457153
                }
            },
            {
                "tick": 43,
                "easing": "LINEAR",
                "turn": 0,
                "rightArm": {
                    "pitch": 1.583375334739685
                }
            },
            {
                "tick": 44,
                "easing": "LINEAR",
                "turn": 0,
                "rightArm": {
                    "pitch": 1.671486258506775
                }
            },
            {
                "tick": 45,
                "easing": "LINEAR",
                "turn": 0,
                "rightArm": {
                    "pitch": 1.8947869539260864
                }
            },
            {
                "tick": 46,
                "easing": "LINEAR",
                "turn": 0,
                "rightArm": {
                    "pitch": 2.199061870574951
                }
            },
            {
                "tick": 47,
                "easing": "LINEAR",
                "turn": 0,
                "rightArm": {
                    "pitch": 2.5300955772399902
                }
            },
            {
                "tick": 48,
                "easing": "LINEAR",
                "turn": 0,
                "rightArm": {
                    "pitch": 2.8336730003356934
                }
            },
            {
                "tick": 49,
                "easing": "LINEAR",
                "turn": 0,
                "rightArm": {
                    "pitch": 3.055576801300049
                }
            },
            {
                "tick": 50,
                "easing": "LINEAR",
                "turn": 0,
                "rightArm": {
                    "pitch": 3.1415929794311523
                }
            },
            {
                "tick": 51,
                "easing": "LINEAR",
                "turn": 0,
                "rightArm": {
                    "pitch": 3.1415927410125732
                }
            },
            {
                "tick": 1,
                "easing": "LINEAR",
                "turn": 0,
                "rightArm": {
                    "roll": 0.08737298101186752
                }
            },
            {
                "tick": 2,
                "easing": "LINEAR",
                "turn": 0,
                "rightArm": {
                    "roll": 0.3245771825313568
                }
            },
            {
                "tick": 3,
                "easing": "LINEAR",
                "turn": 0,
                "rightArm": {
                    "roll": 0.6742405891418457
                }
            },
            {
                "tick": 4,
                "easing": "LINEAR",
                "turn": 0,
                "rightArm": {
                    "roll": 1.0989911556243896
                }
            },
            {
                "tick": 5,
                "easing": "LINEAR",
                "turn": 0,
                "rightArm": {
                    "roll": 1.5614569187164307
                }
            },
            {
                "tick": 6,
                "easing": "LINEAR",
                "turn": 0,
                "rightArm": {
                    "roll": 2.024265766143799
                }
            },
            {
                "tick": 7,
                "easing": "LINEAR",
                "turn": 0,
                "rightArm": {
                    "roll": 2.4500458240509033
                }
            },
            {
                "tick": 8,
                "easing": "LINEAR",
                "turn": 0,
                "rightArm": {
                    "roll": 2.801424741744995
                }
            },
            {
                "tick": 9,
                "easing": "LINEAR",
                "turn": 0,
                "rightArm": {
                    "roll": 3.0410308837890625
                }
            },
            {
                "tick": 10,
                "easing": "LINEAR",
                "turn": 0,
                "rightArm": {
                    "roll": 3.1314918994903564
                }
            },
            {
                "tick": 11,
                "easing": "LINEAR",
                "turn": 0,
                "rightArm": {
                    "roll": 3.1342825889587402
                }
            },
            {
                "tick": 12,
                "easing": "LINEAR",
                "turn": 0,
                "rightArm": {
                    "roll": 3.1359751224517822
                }
            },
            {
                "tick": 13,
                "easing": "LINEAR",
                "turn": 0,
                "rightArm": {
                    "roll": 3.1368443965911865
                }
            },
            {
                "tick": 14,
                "easing": "LINEAR",
                "turn": 0,
                "rightArm": {
                    "roll": 3.13716459274292
                }
            },
            {
                "tick": 38,
                "easing": "LINEAR",
                "turn": 0,
                "rightArm": {
                    "roll": 3.1372103691101074
                }
            },
            {
                "tick": 39,
                "easing": "LINEAR",
                "turn": 0,
                "rightArm": {
                    "roll": 3.1366000175476074
                }
            },
            {
                "tick": 40,
                "easing": "LINEAR",
                "turn": 0,
                "rightArm": {
                    "roll": 3.1351444721221924
                }
            },
            {
                "tick": 41,
                "easing": "LINEAR",
                "turn": 0,
                "rightArm": {
                    "roll": 3.1334073543548584
                }
            },
            {
                "tick": 42,
                "easing": "LINEAR",
                "turn": 0,
                "rightArm": {
                    "roll": 3.1319515705108643
                }
            },
            {
                "tick": 43,
                "easing": "LINEAR",
                "turn": 0,
                "rightArm": {
                    "roll": 3.1313412189483643
                }
            },
            {
                "tick": 44,
                "easing": "LINEAR",
                "turn": 0,
                "rightArm": {
                    "roll": 3.131909132003784
                }
            },
            {
                "tick": 45,
                "easing": "LINEAR",
                "turn": 0,
                "rightArm": {
                    "roll": 3.133373498916626
                }
            },
            {
                "tick": 46,
                "easing": "LINEAR",
                "turn": 0,
                "rightArm": {
                    "roll": 3.135376214981079
                }
            },
            {
                "tick": 47,
                "easing": "LINEAR",
                "turn": 0,
                "rightArm": {
                    "roll": 3.1375577449798584
                }
            },
            {
                "tick": 48,
                "easing": "LINEAR",
                "turn": 0,
                "rightArm": {
                    "roll": 3.1395602226257324
                }
            },
            {
                "tick": 49,
                "easing": "LINEAR",
                "turn": 0,
                "rightArm": {
                    "roll": 3.1410248279571533
                }
            },
            {
                "tick": 50,
                "easing": "LINEAR",
                "turn": 0,
                "rightArm": {
                    "roll": 3.1415929794311523
                }
            },
            {
                "tick": 51,
                "easing": "LINEAR",
                "turn": 0,
                "rightArm": {
                    "roll": 3.1415927410125732
                }
            },
            {
                "tick": 1,
                "easing": "LINEAR",
                "turn": 0,
                "rightArm": {
                    "yaw": 0.0009456254192627966
                }
            },
            {
                "tick": 2,
                "easing": "LINEAR",
                "turn": 0,
                "rightArm": {
                    "yaw": 0.007565001025795937
                }
            },
            {
                "tick": 3,
                "easing": "LINEAR",
                "turn": 0,
                "rightArm": {
                    "yaw": 0.02553187683224678
                }
            },
            {
                "tick": 4,
                "easing": "LINEAR",
                "turn": 0,
                "rightArm": {
                    "yaw": 0.06052000820636749
                }
            },
            {
                "tick": 5,
                "easing": "LINEAR",
                "turn": 0,
                "rightArm": {
                    "yaw": 0.11820314079523087
                }
            },
            {
                "tick": 6,
                "easing": "LINEAR",
                "turn": 0,
                "rightArm": {
                    "yaw": 0.20425502955913544
                }
            },
            {
                "tick": 7,
                "easing": "LINEAR",
                "turn": 0,
                "rightArm": {
                    "yaw": 0.32434946298599243
                }
            },
            {
                "tick": 8,
                "easing": "LINEAR",
                "turn": 0,
                "rightArm": {
                    "yaw": 0.48416003584861755
                }
            },
            {
                "tick": 9,
                "easing": "LINEAR",
                "turn": 0,
                "rightArm": {
                    "yaw": 0.6893607378005981
                }
            },
            {
                "tick": 10,
                "easing": "LINEAR",
                "turn": 0,
                "rightArm": {
                    "yaw": 0.9456253051757812
                }
            },
            {
                "tick": 11,
                "easing": "LINEAR",
                "turn": 0,
                "rightArm": {
                    "yaw": 1.4118566513061523
                }
            },
            {
                "tick": 12,
                "easing": "LINEAR",
                "turn": 0,
                "rightArm": {
                    "yaw": 2.1133830547332764
                }
            },
            {
                "tick": 13,
                "easing": "LINEAR",
                "turn": 0,
                "rightArm": {
                    "yaw": 2.8555164337158203
                }
            },
            {
                "tick": 14,
                "easing": "LINEAR",
                "turn": 0,
                "rightArm": {
                    "yaw": 3.443568468093872
                }
            },
            {
                "tick": 15,
                "easing": "LINEAR",
                "turn": 0,
                "rightArm": {
                    "yaw": 3.682849645614624
                }
            },
            {
                "tick": 38,
                "easing": "LINEAR",
                "turn": 0,
                "rightArm": {
                    "yaw": 3.682849645614624
                }
            },
            {
                "tick": 39,
                "easing": "LINEAR",
                "turn": 0,
                "rightArm": {
                    "yaw": 3.725633382797241
                }
            },
            {
                "tick": 40,
                "easing": "LINEAR",
                "turn": 0,
                "rightArm": {
                    "yaw": 3.8276562690734863
                }
            },
            {
                "tick": 41,
                "easing": "LINEAR",
                "turn": 0,
                "rightArm": {
                    "yaw": 3.949424982070923
                }
            },
            {
                "tick": 42,
                "easing": "LINEAR",
                "turn": 0,
                "rightArm": {
                    "yaw": 4.051447868347168
                }
            },
            {
                "tick": 43,
                "easing": "LINEAR",
                "turn": 0,
                "rightArm": {
                    "yaw": 4.094231605529785
                }
            },
            {
                "tick": 44,
                "easing": "LINEAR",
                "turn": 0,
                "rightArm": {
                    "yaw": 4.09145450592041
                }
            },
            {
                "tick": 45,
                "easing": "LINEAR",
                "turn": 0,
                "rightArm": {
                    "yaw": 4.072012901306152
                }
            },
            {
                "tick": 46,
                "easing": "LINEAR",
                "turn": 0,
                "rightArm": {
                    "yaw": 4.019243240356445
                }
            },
            {
                "tick": 47,
                "easing": "LINEAR",
                "turn": 0,
                "rightArm": {
                    "yaw": 3.91648006439209
                }
            },
            {
                "tick": 48,
                "easing": "LINEAR",
                "turn": 0,
                "rightArm": {
                    "yaw": 3.7470602989196777
                }
            },
            {
                "tick": 49,
                "easing": "LINEAR",
                "turn": 0,
                "rightArm": {
                    "yaw": 3.494319438934326
                }
            },
            {
                "tick": 50,
                "easing": "LINEAR",
                "turn": 0,
                "rightArm": {
                    "yaw": 3.1415929794311523
                }
            },
            {
                "tick": 51,
                "easing": "LINEAR",
                "turn": 0,
                "rightArm": {
                    "yaw": 3.1415927410125732
                }
            },
            {
                "tick": 1,
                "easing": "LINEAR",
                "turn": 0,
                "rightLeg": {
                    "x": -1.8947532415390014
                }
            },
            {
                "tick": 2,
                "easing": "LINEAR",
                "turn": 0,
                "rightLeg": {
                    "x": -1.8805119037628173
                }
            },
            {
                "tick": 3,
                "easing": "LINEAR",
                "turn": 0,
                "rightLeg": {
                    "x": -1.8595248699188232
                }
            },
            {
                "tick": 4,
                "easing": "LINEAR",
                "turn": 0,
                "rightLeg": {
                    "x": -1.8340406656265258
                }
            },
            {
                "tick": 5,
                "easing": "LINEAR",
                "turn": 0,
                "rightLeg": {
                    "x": -1.8063076972961425
                }
            },
            {
                "tick": 6,
                "easing": "LINEAR",
                "turn": 0,
                "rightLeg": {
                    "x": -1.7785747289657592
                }
            },
            {
                "tick": 7,
                "easing": "LINEAR",
                "turn": 0,
                "rightLeg": {
                    "x": -1.7530905246734618
                }
            },
            {
                "tick": 8,
                "easing": "LINEAR",
                "turn": 0,
                "rightLeg": {
                    "x": -1.7321033716201781
                }
            },
            {
                "tick": 9,
                "easing": "LINEAR",
                "turn": 0,
                "rightLeg": {
                    "x": -1.7178621530532836
                }
            },
            {
                "tick": 10,
                "easing": "LINEAR",
                "turn": 0,
                "rightLeg": {
                    "x": -1.712615394592285
                }
            },
            {
                "tick": 11,
                "easing": "LINEAR",
                "turn": 0,
                "rightLeg": {
                    "x": -1.7321034908294677
                }
            },
            {
                "tick": 12,
                "easing": "LINEAR",
                "turn": 0,
                "rightLeg": {
                    "x": -1.7785747289657592
                }
            },
            {
                "tick": 13,
                "easing": "LINEAR",
                "turn": 0,
                "rightLeg": {
                    "x": -1.8340406656265258
                }
            },
            {
                "tick": 14,
                "easing": "LINEAR",
                "turn": 0,
                "rightLeg": {
                    "x": -1.8805119037628173
                }
            },
            {
                "tick": 15,
                "easing": "LINEAR",
                "turn": 0,
                "rightLeg": {
                    "x": -1.9
                }
            },
            {
                "tick": 51,
                "easing": "LINEAR",
                "turn": 0,
                "rightLeg": {
                    "x": -1.9
                }
            },
            {
                "tick": 1,
                "easing": "LINEAR",
                "turn": 0,
                "rightLeg": {
                    "z": 0.07633337229490281
                }
            },
            {
                "tick": 2,
                "easing": "LINEAR",
                "turn": 0,
                "rightLeg": {
                    "z": 0.012095397710800176
                }
            },
            {
                "tick": 3,
                "easing": "LINEAR",
                "turn": 0,
                "rightLeg": {
                    "z": -0.08257109820842742
                }
            },
            {
                "tick": 4,
                "easing": "LINEAR",
                "turn": 0,
                "rightLeg": {
                    "z": -0.19752326011657714
                }
            },
            {
                "tick": 5,
                "easing": "LINEAR",
                "turn": 0,
                "rightLeg": {
                    "z": -0.32261829972267153
                }
            },
            {
                "tick": 6,
                "easing": "LINEAR",
                "turn": 0,
                "rightLeg": {
                    "z": -0.4477132797241211
                }
            },
            {
                "tick": 7,
                "easing": "LINEAR",
                "turn": 0,
                "rightLeg": {
                    "z": -0.5626654863357544
                }
            },
            {
                "tick": 8,
                "easing": "LINEAR",
                "turn": 0,
                "rightLeg": {
                    "z": -0.6573319673538208
                }
            },
            {
                "tick": 9,
                "easing": "LINEAR",
                "turn": 0,
                "rightLeg": {
                    "z": -0.7215700387954712
                }
            },
            {
                "tick": 10,
                "easing": "LINEAR",
                "turn": 0,
                "rightLeg": {
                    "z": -0.7452366590499878
                }
            },
            {
                "tick": 11,
                "easing": "LINEAR",
                "turn": 0,
                "rightLeg": {
                    "z": -0.6573320269584656
                }
            },
            {
                "tick": 12,
                "easing": "LINEAR",
                "turn": 0,
                "rightLeg": {
                    "z": -0.44771339893341067
                }
            },
            {
                "tick": 13,
                "easing": "LINEAR",
                "turn": 0,
                "rightLeg": {
                    "z": -0.1975233495235443
                }
            },
            {
                "tick": 14,
                "easing": "LINEAR",
                "turn": 0,
                "rightLeg": {
                    "z": 0.01209548711776734
                }
            },
            {
                "tick": 15,
                "easing": "LINEAR",
                "turn": 0,
                "rightLeg": {
                    "z": 0.1
                }
            },
            {
                "tick": 51,
                "easing": "LINEAR",
                "turn": 0,
                "rightLeg": {
                    "z": 0.1
                }
            },
            {
                "tick": 51,
                "easing": "LINEAR",
                "turn": 0,
                "rightLeg": {
                    "y": 12.0
                }
            },
            {
                "tick": 51,
                "easing": "LINEAR",
                "turn": 0,
                "rightLeg": {
                    "pitch": 0.0
                }
            },
            {
                "tick": 51,
                "easing": "LINEAR",
                "turn": 0,
                "rightLeg": {
                    "roll": 0.0
                }
            },
            {
                "tick": 1,
                "easing": "LINEAR",
                "turn": 0,
                "rightLeg": {
                    "yaw": -0.012217305600643158
                }
            },
            {
                "tick": 2,
                "easing": "LINEAR",
                "turn": 0,
                "rightLeg": {
                    "yaw": -0.045378558337688446
                }
            },
            {
                "tick": 3,
                "easing": "LINEAR",
                "turn": 0,
                "rightLeg": {
                    "yaw": -0.09424776583909988
                }
            },
            {
                "tick": 4,
                "easing": "LINEAR",
                "turn": 0,
                "rightLeg": {
                    "yaw": -0.15358896553516388
                }
            },
            {
                "tick": 5,
                "easing": "LINEAR",
                "turn": 0,
                "rightLeg": {
                    "yaw": -0.21816614270210266
                }
            },
            {
                "tick": 6,
                "easing": "LINEAR",
                "turn": 0,
                "rightLeg": {
                    "yaw": -0.28274330496788025
                }
            },
            {
                "tick": 7,
                "easing": "LINEAR",
                "turn": 0,
                "rightLeg": {
                    "yaw": -0.34208449721336365
                }
            },
            {
                "tick": 8,
                "easing": "LINEAR",
                "turn": 0,
                "rightLeg": {
                    "yaw": -0.39095377922058105
                }
            },
            {
                "tick": 9,
                "easing": "LINEAR",
                "turn": 0,
                "rightLeg": {
                    "yaw": -0.42411506175994873
                }
            },
            {
                "tick": 10,
                "easing": "LINEAR",
                "turn": 0,
                "rightLeg": {
                    "yaw": -0.4363323450088501
                }
            },
            {
                "tick": 11,
                "easing": "LINEAR",
                "turn": 0,
                "rightLeg": {
                    "yaw": -0.39095374941825867
                }
            },
            {
                "tick": 12,
                "easing": "LINEAR",
                "turn": 0,
                "rightLeg": {
                    "yaw": -0.28274333477020264
                }
            },
            {
                "tick": 13,
                "easing": "LINEAR",
                "turn": 0,
                "rightLeg": {
                    "yaw": -0.15358896553516388
                }
            },
            {
                "tick": 14,
                "easing": "LINEAR",
                "turn": 0,
                "rightLeg": {
                    "yaw": -0.045378535985946655
                }
            },
            {
                "tick": 15,
                "easing": "LINEAR",
                "turn": 0,
                "rightLeg": {
                    "yaw": -0.0
                }
            },
            {
                "tick": 51,
                "easing": "LINEAR",
                "turn": 0,
                "rightLeg": {
                    "yaw": -0.0
                }
            },
            {
                "tick": 1,
                "easing": "LINEAR",
                "turn": 0,
                "leftLeg": {
                    "x": 1.8947532415390014
                }
            },
            {
                "tick": 2,
                "easing": "LINEAR",
                "turn": 0,
                "leftLeg": {
                    "x": 1.8805119037628173
                }
            },
            {
                "tick": 3,
                "easing": "LINEAR",
                "turn": 0,
                "leftLeg": {
                    "x": 1.8595248699188232
                }
            },
            {
                "tick": 4,
                "easing": "LINEAR",
                "turn": 0,
                "leftLeg": {
                    "x": 1.8340406656265258
                }
            },
            {
                "tick": 5,
                "easing": "LINEAR",
                "turn": 0,
                "leftLeg": {
                    "x": 1.8063076972961425
                }
            },
            {
                "tick": 6,
                "easing": "LINEAR",
                "turn": 0,
                "leftLeg": {
                    "x": 1.7785747289657592
                }
            },
            {
                "tick": 7,
                "easing": "LINEAR",
                "turn": 0,
                "leftLeg": {
                    "x": 1.7530905246734618
                }
            },
            {
                "tick": 8,
                "easing": "LINEAR",
                "turn": 0,
                "leftLeg": {
                    "x": 1.7321033716201781
                }
            },
            {
                "tick": 9,
                "easing": "LINEAR",
                "turn": 0,
                "leftLeg": {
                    "x": 1.7178621530532836
                }
            },
            {
                "tick": 10,
                "easing": "LINEAR",
                "turn": 0,
                "leftLeg": {
                    "x": 1.712615394592285
                }
            },
            {
                "tick": 11,
                "easing": "LINEAR",
                "turn": 0,
                "leftLeg": {
                    "x": 1.7321034908294677
                }
            },
            {
                "tick": 12,
                "easing": "LINEAR",
                "turn": 0,
                "leftLeg": {
                    "x": 1.7785747289657592
                }
            },
            {
                "tick": 13,
                "easing": "LINEAR",
                "turn": 0,
                "leftLeg": {
                    "x": 1.8340406656265258
                }
            },
            {
                "tick": 14,
                "easing": "LINEAR",
                "turn": 0,
                "leftLeg": {
                    "x": 1.8805119037628173
                }
            },
            {
                "tick": 15,
                "easing": "LINEAR",
                "turn": 0,
                "leftLeg": {
                    "x": 1.9
                }
            },
            {
                "tick": 51,
                "easing": "LINEAR",
                "turn": 0,
                "leftLeg": {
                    "x": 1.9
                }
            },
            {
                "tick": 1,
                "easing": "LINEAR",
                "turn": 0,
                "leftLeg": {
                    "z": -0.07633337229490281
                }
            },
            {
                "tick": 2,
                "easing": "LINEAR",
                "turn": 0,
                "leftLeg": {
                    "z": -0.012095397710800176
                }
            },
            {
                "tick": 3,
                "easing": "LINEAR",
                "turn": 0,
                "leftLeg": {
                    "z": 0.08257109820842742
                }
            },
            {
                "tick": 4,
                "easing": "LINEAR",
                "turn": 0,
                "leftLeg": {
                    "z": 0.19752326011657714
                }
            },
            {
                "tick": 5,
                "easing": "LINEAR",
                "turn": 0,
                "leftLeg": {
                    "z": 0.32261829972267153
                }
            },
            {
                "tick": 6,
                "easing": "LINEAR",
                "turn": 0,
                "leftLeg": {
                    "z": 0.4477132797241211
                }
            },
            {
                "tick": 7,
                "easing": "LINEAR",
                "turn": 0,
                "leftLeg": {
                    "z": 0.5626654863357544
                }
            },
            {
                "tick": 8,
                "easing": "LINEAR",
                "turn": 0,
                "leftLeg": {
                    "z": 0.6573319673538208
                }
            },
            {
                "tick": 9,
                "easing": "LINEAR",
                "turn": 0,
                "leftLeg": {
                    "z": 0.7215700387954712
                }
            },
            {
                "tick": 10,
                "easing": "LINEAR",
                "turn": 0,
                "leftLeg": {
                    "z": 0.7452366590499878
                }
            },
            {
                "tick": 11,
                "easing": "LINEAR",
                "turn": 0,
                "leftLeg": {
                    "z": 0.6573320269584656
                }
            },
            {
                "tick": 12,
                "easing": "LINEAR",
                "turn": 0,
                "leftLeg": {
                    "z": 0.44771339893341067
                }
            },
            {
                "tick": 13,
                "easing": "LINEAR",
                "turn": 0,
                "leftLeg": {
                    "z": 0.1975233495235443
                }
            },
            {
                "tick": 14,
                "easing": "LINEAR",
                "turn": 0,
                "leftLeg": {
                    "z": -0.01209548711776734
                }
            },
            {
                "tick": 15,
                "easing": "LINEAR",
                "turn": 0,
                "leftLeg": {
                    "z": -0.1
                }
            },
            {
                "tick": 51,
                "easing": "LINEAR",
                "turn": 0,
                "leftLeg": {
                    "z": -0.1
                }
            },
            {
                "tick": 51,
                "easing": "LINEAR",
                "turn": 0,
                "leftLeg": {
                    "y": 12.0
                }
            },
            {
                "tick": 51,
                "easing": "LINEAR",
                "turn": 0,
                "leftLeg": {
                    "pitch": 0.0
                }
            },
            {
                "tick": 51,
                "easing": "LINEAR",
                "turn": 0,
                "leftLeg": {
                    "roll": 0.0
                }
            },
            {
                "tick": 1,
                "easing": "LINEAR",
                "turn": 0,
                "leftLeg": {
                    "yaw": -0.012217305600643158
                }
            },
            {
                "tick": 2,
                "easing": "LINEAR",
                "turn": 0,
                "leftLeg": {
                    "yaw": -0.045378558337688446
                }
            },
            {
                "tick": 3,
                "easing": "LINEAR",
                "turn": 0,
                "leftLeg": {
                    "yaw": -0.09424776583909988
                }
            },
            {
                "tick": 4,
                "easing": "LINEAR",
                "turn": 0,
                "leftLeg": {
                    "yaw": -0.15358896553516388
                }
            },
            {
                "tick": 5,
                "easing": "LINEAR",
                "turn": 0,
                "leftLeg": {
                    "yaw": -0.21816614270210266
                }
            },
            {
                "tick": 6,
                "easing": "LINEAR",
                "turn": 0,
                "leftLeg": {
                    "yaw": -0.28274330496788025
                }
            },
            {
                "tick": 7,
                "easing": "LINEAR",
                "turn": 0,
                "leftLeg": {
                    "yaw": -0.34208449721336365
                }
            },
            {
                "tick": 8,
                "easing": "LINEAR",
                "turn": 0,
                "leftLeg": {
                    "yaw": -0.39095377922058105
                }
            },
            {
                "tick": 9,
                "easing": "LINEAR",
                "turn": 0,
                "leftLeg": {
                    "yaw": -0.42411506175994873
                }
            },
            {
                "tick": 10,
                "easing": "LINEAR",
                "turn": 0,
                "leftLeg": {
                    "yaw": -0.4363323450088501
                }
            },
            {
                "tick": 11,
                "easing": "LINEAR",
                "turn": 0,
                "leftLeg": {
                    "yaw": -0.39095374941825867
                }
            },
            {
                "tick": 12,
                "easing": "LINEAR",
                "turn": 0,
                "leftLeg": {
                    "yaw": -0.28274333477020264
                }
            },
            {
                "tick": 13,
                "easing": "LINEAR",
                "turn": 0,
                "leftLeg": {
                    "yaw": -0.15358896553516388
                }
            },
            {
                "tick": 14,
                "easing": "LINEAR",
                "turn": 0,
                "leftLeg": {
                    "yaw": -0.045378535985946655
                }
            },
            {
                "tick": 15,
                "easing": "LINEAR",
                "turn": 0,
                "leftLeg": {
                    "yaw": -0.0
                }
            },
            {
                "tick": 51,
                "easing": "LINEAR",
                "turn": 0,
                "leftLeg": {
                    "yaw": -0.0
                }
            },
            {
                "tick": 14,
                "easing": "LINEAR",
                "turn": 0,
                "rightItem": {
                    "x": 0.0
                }
            },
            {
                "tick": 15,
                "easing": "LINEAR",
                "turn": 0,
                "rightItem": {
                    "x": -3.215024471282959
                }
            },
            {
                "tick": 16,
                "easing": "LINEAR",
                "turn": 0,
                "rightItem": {
                    "x": -13.110833168029785
                }
            },
            {
                "tick": 17,
                "easing": "LINEAR",
                "turn": 0,
                "rightItem": {
                    "x": -21.75533103942871
                }
            },
            {
                "tick": 18,
                "easing": "LINEAR",
                "turn": 0,
                "rightItem": {
                    "x": -27.03204345703125
                }
            },
            {
                "tick": 19,
                "easing": "LINEAR",
                "turn": 0,
                "rightItem": {
                    "x": -27.649049758911133
                }
            },
            {
                "tick": 20,
                "easing": "LINEAR",
                "turn": 0,
                "rightItem": {
                    "x": -23.455284118652344
                }
            },
            {
                "tick": 21,
                "easing": "LINEAR",
                "turn": 0,
                "rightItem": {
                    "x": -15.477521896362305
                }
            },
            {
                "tick": 22,
                "easing": "LINEAR",
                "turn": 0,
                "rightItem": {
                    "x": -5.669004440307617
                }
            },
            {
                "tick": 23,
                "easing": "LINEAR",
                "turn": 0,
                "rightItem": {
                    "x": 3.5688047409057617
                }
            },
            {
                "tick": 24,
                "easing": "LINEAR",
                "turn": 0,
                "rightItem": {
                    "x": 9.974166870117188
                }
            },
            {
                "tick": 25,
                "easing": "LINEAR",
                "turn": 0,
                "rightItem": {
                    "x": 11.978826522827148
                }
            },
            {
                "tick": 26,
                "easing": "LINEAR",
                "turn": 0,
                "rightItem": {
                    "x": 9.091972351074219
                }
            },
            {
                "tick": 27,
                "easing": "LINEAR",
                "turn": 0,
                "rightItem": {
                    "x": 2.0204076766967773
                }
            },
            {
                "tick": 28,
                "easing": "LINEAR",
                "turn": 0,
                "rightItem": {
                    "x": -7.504502773284912
                }
            },
            {
                "tick": 29,
                "easing": "LINEAR",
                "turn": 0,
                "rightItem": {
                    "x": -17.150728225708008
                }
            },
            {
                "tick": 30,
                "easing": "LINEAR",
                "turn": 0,
                "rightItem": {
                    "x": -24.556535720825195
                }
            },
            {
                "tick": 31,
                "easing": "LINEAR",
                "turn": 0,
                "rightItem": {
                    "x": -27.90872573852539
                }
            },
            {
                "tick": 32,
                "easing": "LINEAR",
                "turn": 0,
                "rightItem": {
                    "x": -26.386566162109375
                }
            },
            {
                "tick": 33,
                "easing": "LINEAR",
                "turn": 0,
                "rightItem": {
                    "x": -20.36273193359375
                }
            },
            {
                "tick": 34,
                "easing": "LINEAR",
                "turn": 0,
                "rightItem": {
                    "x": -11.31207275390625
                }
            },
            {
                "tick": 35,
                "easing": "LINEAR",
                "turn": 0,
                "rightItem": {
                    "x": -1.45050048828125
                }
            },
            {
                "tick": 36,
                "easing": "LINEAR",
                "turn": 0,
                "rightItem": {
                    "x": 5.446020603179932
                }
            },
            {
                "tick": 37,
                "easing": "LINEAR",
                "turn": 0,
                "rightItem": {
                    "x": 6.8640923500061035
                }
            },
            {
                "tick": 38,
                "easing": "LINEAR",
                "turn": 0,
                "rightItem": {
                    "x": 4.525260925292969
                }
            },
            {
                "tick": 39,
                "easing": "LINEAR",
                "turn": 0,
                "rightItem": {
                    "x": 1.291523814201355
                }
            },
            {
                "tick": 40,
                "easing": "LINEAR",
                "turn": 0,
                "rightItem": {
                    "x": 0.0
                }
            },
            {
                "tick": 51,
                "easing": "LINEAR",
                "turn": 0,
                "rightItem": {
                    "x": 0.0
                }
            },
            {
                "tick": 51,
                "easing": "LINEAR",
                "turn": 0,
                "rightItem": {
                    "y": 0.000457763671875
                }
            },
            {
                "tick": 14,
                "easing": "LINEAR",
                "turn": 0,
                "rightItem": {
                    "z": 0.0
                }
            },
            {
                "tick": 15,
                "easing": "LINEAR",
                "turn": 0,
                "rightItem": {
                    "z": -10.455511093139648
                }
            },
            {
                "tick": 16,
                "easing": "LINEAR",
                "turn": 0,
                "rightItem": {
                    "z": -11.891050338745117
                }
            },
            {
                "tick": 17,
                "easing": "LINEAR",
                "turn": 0,
                "rightItem": {
                    "z": -8.456567764282227
                }
            },
            {
                "tick": 18,
                "easing": "LINEAR",
                "turn": 0,
                "rightItem": {
                    "z": -0.9929428100585938
                }
            },
            {
                "tick": 19,
                "easing": "LINEAR",
                "turn": 0,
                "rightItem": {
                    "z": 8.672468185424805
                }
            },
            {
                "tick": 20,
                "easing": "LINEAR",
                "turn": 0,
                "rightItem": {
                    "z": 18.173236846923828
                }
            },
            {
                "tick": 21,
                "easing": "LINEAR",
                "turn": 0,
                "rightItem": {
                    "z": 25.18324089050293
                }
            },
            {
                "tick": 22,
                "easing": "LINEAR",
                "turn": 0,
                "rightItem": {
                    "z": 27.986188888549805
                }
            },
            {
                "tick": 23,
                "easing": "LINEAR",
                "turn": 0,
                "rightItem": {
                    "z": 25.89582061767578
                }
            },
            {
                "tick": 24,
                "easing": "LINEAR",
                "turn": 0,
                "rightItem": {
                    "z": 19.423931121826172
                }
            },
            {
                "tick": 25,
                "easing": "LINEAR",
                "turn": 0,
                "rightItem": {
                    "z": 10.155065536499023
                }
            },
            {
                "tick": 26,
                "easing": "LINEAR",
                "turn": 0,
                "rightItem": {
                    "z": 0.3585648536682129
                }
            },
            {
                "tick": 27,
                "easing": "LINEAR",
                "turn": 0,
                "rightItem": {
                    "z": -7.567046165466309
                }
            },
            {
                "tick": 28,
                "easing": "LINEAR",
                "turn": 0,
                "rightItem": {
                    "z": -11.68130111694336
                }
            },
            {
                "tick": 29,
                "easing": "LINEAR",
                "turn": 0,
                "rightItem": {
                    "z": -10.976886749267578
                }
            },
            {
                "tick": 30,
                "easing": "LINEAR",
                "turn": 0,
                "rightItem": {
                    "z": -5.626270294189453
                }
            },
            {
                "tick": 31,
                "easing": "LINEAR",
                "turn": 0,
                "rightItem": {
                    "z": 3.0605340003967285
                }
            },
            {
                "tick": 32,
                "easing": "LINEAR",
                "turn": 0,
                "rightItem": {
                    "z": 12.95669174194336
                }
            },
            {
                "tick": 33,
                "easing": "LINEAR",
                "turn": 0,
                "rightItem": {
                    "z": 21.639278411865234
                }
            },
            {
                "tick": 34,
                "easing": "LINEAR",
                "turn": 0,
                "rightItem": {
                    "z": 26.982494354248047
                }
            },
            {
                "tick": 35,
                "easing": "LINEAR",
                "turn": 0,
                "rightItem": {
                    "z": 27.678133010864258
                }
            },
            {
                "tick": 36,
                "easing": "LINEAR",
                "turn": 0,
                "rightItem": {
                    "z": 18.844701766967773
                }
            },
            {
                "tick": 37,
                "easing": "LINEAR",
                "turn": 0,
                "rightItem": {
                    "z": 9.375001907348633
                }
            },
            {
                "tick": 38,
                "easing": "LINEAR",
                "turn": 0,
                "rightItem": {
                    "z": 2.330904245376587
                }
            },
            {
                "tick": 39,
                "easing": "LINEAR",
                "turn": 0,
                "rightItem": {
                    "z": -0.6877040863037109
                }
            },
            {
                "tick": 40,
                "easing": "LINEAR",
                "turn": 0,
                "rightItem": {
                    "z": 0.0
                }
            },
            {
                "tick": 51,
                "easing": "LINEAR",
                "turn": 0,
                "rightItem": {
                    "z": 0.0
                }
            },
            {
                "tick": 51,
                "easing": "LINEAR",
                "turn": 0,
                "rightItem": {
                    "pitch": 0.0
                }
            },
            {
                "tick": 51,
                "easing": "LINEAR",
                "turn": 0,
                "rightItem": {
                    "yaw": -0.0
                }
            },
            {
                "tick": 51,
                "easing": "LINEAR",
                "turn": 0,
                "rightItem": {
                    "roll": 0.0
                }
            }
        ]
    }
}