{
    "name": {
        "translate": "mineeemotes.emote.name.miemlesbiansex",
        "fallback": "Sex lesbians"
    },
    "author": "MineEmotes",
    "description": {
        "translate": "mineeemotes.emote.description.miemlesbiansex",
        "fallback": "Author of the idea: Astro-HoneyMoneyuwuaa"
    },
    "emote": {
        "isLoop": "true",
        "returnTick": 2,
        "beginTick": 6,
        "endTick": 7,
        "stopTick": 8,
        "degrees": false,
        "moves": [
            {
                "tick": 5,
                "easing": "EASEINOUTQUAD",
                "turn": 0,
                "head": {
                    "y": -0.0
                }
            },
            {
                "tick": 5,
                "easing": "EASEINOUTQUAD",
                "turn": 0,
                "head": {
                    "z": -0.0
                }
            },
            {
                "tick": 5,
                "easing": "EASEINOUTQUAD",
                "turn": 0,
                "head": {
                    "x": -0.0
                }
            },
            {
                "tick": 5,
                "easing": "EASEINOUTQUAD",
                "turn": 0,
                "head": {
                    "yaw": -0.4772680401802063
                }
            },
            {
                "tick": 5,
                "easing": "EASEINOUTQUAD",
                "turn": 0,
                "head": {
                    "roll": 0.7012930512428284
                }
            },
            {
                "tick": 5,
                "easing": "EASEINOUTQUAD",
                "turn": 0,
                "head": {
                    "pitch": 0.5290312170982361
                }
            },
            {
                "tick": 5,
                "easing": "EASEINOUTQUAD",
                "turn": 0,
                "torso": {
                    "yaw": 0.025987759232521057
                }
            },
            {
                "tick": 5,
                "easing": "EASEINOUTQUAD",
                "turn": 0,
                "torso": {
                    "roll": -1.511789083480835
                }
            },
            {
                "tick": 5,
                "easing": "EASEINOUTQUAD",
                "turn": 0,
                "torso": {
                    "pitch": 1.572331428527832
                }
            },
            {
                "tick": 5,
                "easing": "EASEINOUTQUAD",
                "turn": 0,
                "torso": {
                    "y": -0.5104836821556091
                }
            },
            {
                "tick": 5,
                "easing": "EASEINOUTQUAD",
                "turn": 0,
                "torso": {
                    "x": 0.0
                }
            },
            {
                "tick": 5,
                "easing": "EASEINOUTQUAD",
                "turn": 0,
                "torso": {
                    "z": -0.1720668524503708
                }
            },
            {
                "tick": 5,
                "easing": "EASEINOUTQUAD",
                "turn": 0,
                "rightArm": {
                    "yaw": 0.08729378879070282
                }
            },
            {
                "tick": 5,
                "easing": "EASEINOUTQUAD",
                "turn": 0,
                "rightArm": {
                    "roll": 0.08414971828460693
                }
            },
            {
                "tick": 5,
                "easing": "EASEINOUTQUAD",
                "turn": 0,
                "rightArm": {
                    "y": -0.012035369873046875
                }
            },
            {
                "tick": 5,
                "easing": "EASEINOUTQUAD",
                "turn": 0,
                "rightArm": {
                    "z": -0.7249271869659424
                }
            },
            {
                "tick": 5,
                "easing": "EASEINOUTQUAD",
                "turn": 0,
                "rightArm": {
                    "x": -1.2720085382461548
                }
            },
            {
                "tick": 5,
                "easing": "EASEINOUTQUAD",
                "turn": 0,
                "rightArm": {
                    "pitch": -2.439356803894043
                }
            },
            {
                "tick": 5,
                "easing": "EASEINOUTQUAD",
                "turn": 0,
                "leftArm": {
                    "roll": 0.6538755893707275
                }
            },
            {
                "tick": 5,
                "easing": "EASEINOUTQUAD",
                "turn": 0,
                "leftArm": {
                    "yaw": 0.38035762310028076
                }
            },
            {
                "tick": 5,
                "easing": "EASEINOUTQUAD",
                "turn": 0,
                "leftArm": {
                    "pitch": -0.8613460063934326
                }
            },
            {
                "tick": 5,
                "easing": "EASEINOUTQUAD",
                "turn": 0,
                "leftArm": {
                    "y": 4.156002044677734
                }
            },
            {
                "tick": 5,
                "easing": "EASEINOUTQUAD",
                "turn": 0,
                "leftArm": {
                    "z": -0.6225802898406982
                }
            },
            {
                "tick": 5,
                "easing": "EASEINOUTQUAD",
                "turn": 0,
                "leftArm": {
                    "x": 2.729280471801758
                }
            },
            {
                "tick": 5,
                "easing": "EASEINOUTQUAD",
                "turn": 0,
                "rightLeg": {
                    "yaw": -0.003189640585333109
                }
            },
            {
                "tick": 5,
                "easing": "EASEINOUTQUAD",
                "turn": 0,
                "rightLeg": {
                    "roll": 0.04320363700389862
                }
            },
            {
                "tick": 5,
                "easing": "EASEINOUTQUAD",
                "turn": 0,
                "rightLeg": {
                    "pitch": -0.6844760775566101
                }
            },
            {
                "tick": 5,
                "easing": "EASEINOUTQUAD",
                "turn": 0,
                "rightLeg": {
                    "x": -1.9
                }
            },
            {
                "tick": 5,
                "easing": "EASEINOUTQUAD",
                "turn": 0,
                "rightLeg": {
                    "y": 12.0
                }
            },
            {
                "tick": 5,
                "easing": "EASEINOUTQUAD",
                "turn": 0,
                "rightLeg": {
                    "z": 0.1
                }
            },
            {
                "tick": 5,
                "easing": "EASEINOUTQUAD",
                "turn": 0,
                "leftLeg": {
                    "yaw": -0.013418123126029968
                }
            },
            {
                "tick": 5,
                "easing": "EASEINOUTQUAD",
                "turn": 0,
                "leftLeg": {
                    "roll": -0.6874522566795349
                }
            },
            {
                "tick": 5,
                "easing": "EASEINOUTQUAD",
                "turn": 0,
                "leftLeg": {
                    "pitch": -0.03748383745551109
                }
            },
            {
                "tick": 5,
                "easing": "EASEINOUTQUAD",
                "turn": 0,
                "leftLeg": {
                    "y": 12.0
                }
            },
            {
                "tick": 5,
                "easing": "EASEINOUTQUAD",
                "turn": 0,
                "leftLeg": {
                    "z": -0.1
                }
            },
            {
                "tick": 5,
                "easing": "EASEINOUTQUAD",
                "turn": 0,
                "leftLeg": {
                    "x": 1.9
                }
            }
        ]
    }
}