{
    "name": {
        "translate": "mineeemotes.emote.name.miemspreadlegs",
        "fallback": "Spread your legs"
    },
    "author": "MineEmotes",
    "description": {
        "translate": "mineeemotes.emote.description.miemspreadlegs",
        "fallback": "Author of the idea: Astro-HoneyMoneyuwuaa"
    },
    "emote": {
        "isLoop": "true",
        "returnTick": 2,
        "beginTick": 26,
        "endTick": 30,
        "stopTick": 31,
        "degrees": false,
        "moves": [
            {
                "tick": 5,
                "easing": "EASEINEXPO",
                "turn": 0,
                "torso": {
                    "yaw": 0.0
                }
            },
            {
                "tick": 5,
                "easing": "EASEINEXPO",
                "turn": 0,
                "torso": {
                    "roll": -0.0
                }
            },
            {
                "tick": 5,
                "easing": "EASEINOUTQUAD",
                "turn": 0,
                "torso": {
                    "pitch": 1.5626577138900757
                }
            },
            {
                "tick": 5,
                "easing": "EASEINEXPO",
                "turn": 0,
                "torso": {
                    "y": -0.6351121664047241
                }
            },
            {
                "tick": 5,
                "easing": "EASEINEXPO",
                "turn": 0,
                "torso": {
                    "x": 6.617444900424222e-24
                }
            },
            {
                "tick": 5,
                "easing": "EASEINEXPO",
                "turn": 0,
                "torso": {
                    "z": 0.5034425258636475
                }
            },
            {
                "tick": 5,
                "easing": "EASEINEXPO",
                "turn": 0,
                "rightArm": {
                    "yaw": 0.0015380188124254346
                }
            },
            {
                "tick": 5,
                "easing": "EASEINOUTQUAD",
                "turn": 0,
                "rightArm": {
                    "roll": 0.19011718034744263
                }
            },
            {
                "tick": 5,
                "easing": "EASEINEXPO",
                "turn": 0,
                "rightArm": {
                    "y": 2.0
                }
            },
            {
                "tick": 5,
                "easing": "EASEINEXPO",
                "turn": 0,
                "rightArm": {
                    "z": -0.0
                }
            },
            {
                "tick": 5,
                "easing": "EASEINEXPO",
                "turn": 0,
                "rightArm": {
                    "x": -5.0
                }
            },
            {
                "tick": 5,
                "easing": "EASEINEXPO",
                "turn": 0,
                "rightArm": {
                    "pitch": 0.00014664343325421214
                }
            },
            {
                "tick": 5,
                "easing": "EASEINOUTQUAD",
                "turn": 0,
                "leftArm": {
                    "roll": -0.3424488306045532
                }
            },
            {
                "tick": 5,
                "easing": "EASEINEXPO",
                "turn": 0,
                "leftArm": {
                    "yaw": -0.002732957014814019
                }
            },
            {
                "tick": 5,
                "easing": "EASEINEXPO",
                "turn": 0,
                "leftArm": {
                    "pitch": 0.00047257629921659827
                }
            },
            {
                "tick": 5,
                "easing": "EASEINEXPO",
                "turn": 0,
                "leftArm": {
                    "y": 2.0
                }
            },
            {
                "tick": 5,
                "easing": "EASEINEXPO",
                "turn": 0,
                "leftArm": {
                    "z": -0.0
                }
            },
            {
                "tick": 5,
                "easing": "EASEINEXPO",
                "turn": 0,
                "leftArm": {
                    "x": 5.0
                }
            },
            {
                "tick": 5,
                "easing": "EASEINOUTQUAD",
                "turn": 0,
                "rightLeg": {
                    "yaw": -0.005958764813840389
                }
            },
            {
                "tick": 5,
                "easing": "EASEINEXPO",
                "turn": 0,
                "rightLeg": {
                    "roll": -0.8214744925498962
                }
            },
            {
                "tick": 5,
                "easing": "EASEINOUTQUAD",
                "turn": 0,
                "rightLeg": {
                    "pitch": -2.6867434978485107
                }
            },
            {
                "tick": 5,
                "easing": "EASEINEXPO",
                "turn": 0,
                "rightLeg": {
                    "x": -1.9
                }
            },
            {
                "tick": 5,
                "easing": "EASEINEXPO",
                "turn": 0,
                "rightLeg": {
                    "y": 12.0
                }
            },
            {
                "tick": 5,
                "easing": "EASEINEXPO",
                "turn": 0,
                "rightLeg": {
                    "z": 0.1
                }
            },
            {
                "tick": 5,
                "easing": "EASEINEXPO",
                "turn": 0,
                "rightLeg": {
                    "bend": 0.8989288210868835
                }
            },
            {
                "tick": 5,
                "easing": "EASEINOUTQUAD",
                "turn": 0,
                "leftLeg": {
                    "yaw": 0.13312754034996033
                }
            },
            {
                "tick": 5,
                "easing": "EASEINEXPO",
                "turn": 0,
                "leftLeg": {
                    "roll": 0.7029640674591064
                }
            },
            {
                "tick": 5,
                "easing": "EASEINOUTQUAD",
                "turn": 0,
                "leftLeg": {
                    "pitch": -2.6740102767944336
                }
            },
            {
                "tick": 5,
                "easing": "EASEINEXPO",
                "turn": 0,
                "leftLeg": {
                    "y": 12.0
                }
            },
            {
                "tick": 5,
                "easing": "EASEINEXPO",
                "turn": 0,
                "leftLeg": {
                    "z": -0.1
                }
            },
            {
                "tick": 5,
                "easing": "EASEINEXPO",
                "turn": 0,
                "leftLeg": {
                    "x": 1.9
                }
            },
            {
                "tick": 5,
                "easing": "EASEINEXPO",
                "turn": 0,
                "leftLeg": {
                    "bend": 0.4772268533706665
                }
            }
        ]
    }
}