{
    "name": {
        "translate": "mineeemotes.emote.name.miemfnfdefaultdown",
        "fallback": "Default §bdown §1 (FNF)"
    },
    "author": "MineEmotes",
    "description": {
        "translate": "mineeemotes.emote.description.miemfnfdefaultdown",
        "fallback": "Down"
    },
    "emote": {
        "isLoop": "true",
        "returnTick": 3,
        "beginTick": 3,
        "endTick": 10,
        "stopTick": 11,
        "degrees": false,
        "moves": [
            {
                "tick": 1,
                "easing": "EASEINOUTQUAD",
                "turn": 0,
                "head": {
                    "y": -0.0
                }
            },
            {
                "tick": 3,
                "easing": "EASEINOUTQUAD",
                "turn": 0,
                "head": {
                    "y": -0.0
                }
            },
            {
                "tick": 5,
                "easing": "EASEINOUTQUAD",
                "turn": 0,
                "head": {
                    "y": 1.4953432083129883
                }
            },
            {
                "tick": 6,
                "easing": "EASEINOUTQUAD",
                "turn": 0,
                "head": {
                    "y": 0.25890636444091797
                }
            },
            {
                "tick": 7,
                "easing": "EASEINOUTQUAD",
                "turn": 0,
                "head": {
                    "y": 1.911910057067871
                }
            },
            {
                "tick": 8,
                "easing": "EASEINOUTQUAD",
                "turn": 0,
                "head": {
                    "y": 1.152888298034668
                }
            },
            {
                "tick": 9,
                "easing": "EASEINOUTQUAD",
                "turn": 0,
                "head": {
                    "y": 2.052689552307129
                }
            },
            {
                "tick": 1,
                "easing": "EASEINOUTQUAD",
                "turn": 0,
                "head": {
                    "z": -0.0
                }
            },
            {
                "tick": 3,
                "easing": "EASEINOUTQUAD",
                "turn": 0,
                "head": {
                    "z": -0.0
                }
            },
            {
                "tick": 5,
                "easing": "EASEINOUTQUAD",
                "turn": 0,
                "head": {
                    "z": -0.46763256192207336
                }
            },
            {
                "tick": 6,
                "easing": "EASEINOUTQUAD",
                "turn": 0,
                "head": {
                    "z": -0.08096659183502197
                }
            },
            {
                "tick": 7,
                "easing": "EASEINOUTQUAD",
                "turn": 0,
                "head": {
                    "z": -0.5979037284851074
                }
            },
            {
                "tick": 8,
                "easing": "EASEINOUTQUAD",
                "turn": 0,
                "head": {
                    "z": -0.36053794622421265
                }
            },
            {
                "tick": 9,
                "easing": "EASEINOUTQUAD",
                "turn": 0,
                "head": {
                    "z": -0.6419291496276855
                }
            },
            {
                "tick": 1,
                "easing": "EASEINOUTQUAD",
                "turn": 0,
                "head": {
                    "x": -0.0
                }
            },
            {
                "tick": 3,
                "easing": "EASEINOUTQUAD",
                "turn": 0,
                "head": {
                    "x": -0.0
                }
            },
            {
                "tick": 5,
                "easing": "EASEINOUTQUAD",
                "turn": 0,
                "head": {
                    "x": -0.0
                }
            },
            {
                "tick": 6,
                "easing": "EASEINOUTQUAD",
                "turn": 0,
                "head": {
                    "x": -0.0
                }
            },
            {
                "tick": 7,
                "easing": "EASEINOUTQUAD",
                "turn": 0,
                "head": {
                    "x": -0.0
                }
            },
            {
                "tick": 8,
                "easing": "EASEINOUTQUAD",
                "turn": 0,
                "head": {
                    "x": -0.0
                }
            },
            {
                "tick": 9,
                "easing": "EASEINOUTQUAD",
                "turn": 0,
                "head": {
                    "x": -0.0
                }
            },
            {
                "tick": 1,
                "easing": "EASEINOUTQUAD",
                "turn": 0,
                "head": {
                    "yaw": -0.0
                }
            },
            {
                "tick": 3,
                "easing": "EASEINOUTQUAD",
                "turn": 0,
                "head": {
                    "yaw": -0.0
                }
            },
            {
                "tick": 5,
                "easing": "EASEINOUTQUAD",
                "turn": 0,
                "head": {
                    "yaw": -0.0
                }
            },
            {
                "tick": 6,
                "easing": "EASEINOUTQUAD",
                "turn": 0,
                "head": {
                    "yaw": -0.0
                }
            },
            {
                "tick": 7,
                "easing": "EASEINOUTQUAD",
                "turn": 0,
                "head": {
                    "yaw": -0.0
                }
            },
            {
                "tick": 8,
                "easing": "EASEINOUTQUAD",
                "turn": 0,
                "head": {
                    "yaw": -0.0
                }
            },
            {
                "tick": 9,
                "easing": "EASEINOUTQUAD",
                "turn": 0,
                "head": {
                    "yaw": -0.0
                }
            },
            {
                "tick": 1,
                "easing": "EASEINOUTQUAD",
                "turn": 0,
                "head": {
                    "roll": 0.0
                }
            },
            {
                "tick": 3,
                "easing": "EASEINOUTQUAD",
                "turn": 0,
                "head": {
                    "roll": 0.0
                }
            },
            {
                "tick": 5,
                "easing": "EASEINOUTQUAD",
                "turn": 0,
                "head": {
                    "roll": 0.0
                }
            },
            {
                "tick": 6,
                "easing": "EASEINOUTQUAD",
                "turn": 0,
                "head": {
                    "roll": 0.0
                }
            },
            {
                "tick": 7,
                "easing": "EASEINOUTQUAD",
                "turn": 0,
                "head": {
                    "roll": 0.0
                }
            },
            {
                "tick": 8,
                "easing": "EASEINOUTQUAD",
                "turn": 0,
                "head": {
                    "roll": 0.0
                }
            },
            {
                "tick": 9,
                "easing": "EASEINOUTQUAD",
                "turn": 0,
                "head": {
                    "roll": 0.0
                }
            },
            {
                "tick": 1,
                "easing": "EASEINOUTQUAD",
                "turn": 0,
                "head": {
                    "pitch": 0.42011550068855286
                }
            },
            {
                "tick": 3,
                "easing": "EASEINOUTQUAD",
                "turn": 0,
                "head": {
                    "pitch": 0.42011550068855286
                }
            },
            {
                "tick": 5,
                "easing": "EASEINOUTQUAD",
                "turn": 0,
                "head": {
                    "pitch": 0.42011550068855286
                }
            },
            {
                "tick": 6,
                "easing": "EASEINOUTQUAD",
                "turn": 0,
                "head": {
                    "pitch": 0.42011550068855286
                }
            },
            {
                "tick": 7,
                "easing": "EASEINOUTQUAD",
                "turn": 0,
                "head": {
                    "pitch": 0.42011550068855286
                }
            },
            {
                "tick": 8,
                "easing": "EASEINOUTQUAD",
                "turn": 0,
                "head": {
                    "pitch": 0.42011550068855286
                }
            },
            {
                "tick": 9,
                "easing": "EASEINOUTQUAD",
                "turn": 0,
                "head": {
                    "pitch": 0.42011550068855286
                }
            },
            {
                "tick": 1,
                "easing": "EASEINOUTQUAD",
                "turn": 0,
                "torso": {
                    "bend": 0.3030906319618225
                }
            },
            {
                "tick": 3,
                "easing": "EASEINOUTQUAD",
                "turn": 0,
                "torso": {
                    "bend": 0.3030906319618225
                }
            },
            {
                "tick": 1,
                "easing": "EASEINOUTQUAD",
                "turn": 0,
                "rightArm": {
                    "yaw": -0.15195335447788239
                }
            },
            {
                "tick": 3,
                "easing": "EASEINOUTQUAD",
                "turn": 0,
                "rightArm": {
                    "yaw": -0.15195335447788239
                }
            },
            {
                "tick": 5,
                "easing": "EASEINOUTQUAD",
                "turn": 0,
                "rightArm": {
                    "yaw": -0.15195335447788239
                }
            },
            {
                "tick": 7,
                "easing": "EASEINOUTQUAD",
                "turn": 0,
                "rightArm": {
                    "yaw": -0.15195335447788239
                }
            },
            {
                "tick": 9,
                "easing": "EASEINOUTQUAD",
                "turn": 0,
                "rightArm": {
                    "yaw": -0.15195335447788239
                }
            },
            {
                "tick": 1,
                "easing": "EASEINOUTQUAD",
                "turn": 0,
                "rightArm": {
                    "roll": 0.2613113820552826
                }
            },
            {
                "tick": 3,
                "easing": "EASEINOUTQUAD",
                "turn": 0,
                "rightArm": {
                    "roll": 0.2613113820552826
                }
            },
            {
                "tick": 5,
                "easing": "EASEINOUTQUAD",
                "turn": 0,
                "rightArm": {
                    "roll": 0.2613113820552826
                }
            },
            {
                "tick": 7,
                "easing": "EASEINOUTQUAD",
                "turn": 0,
                "rightArm": {
                    "roll": 0.2613113820552826
                }
            },
            {
                "tick": 9,
                "easing": "EASEINOUTQUAD",
                "turn": 0,
                "rightArm": {
                    "roll": 0.2613113820552826
                }
            },
            {
                "tick": 1,
                "easing": "EASEINOUTQUAD",
                "turn": 0,
                "rightArm": {
                    "y": 2.0
                }
            },
            {
                "tick": 3,
                "easing": "EASEINOUTQUAD",
                "turn": 0,
                "rightArm": {
                    "y": 2.0
                }
            },
            {
                "tick": 5,
                "easing": "EASEINOUTQUAD",
                "turn": 0,
                "rightArm": {
                    "y": 3.6396656036376953
                }
            },
            {
                "tick": 7,
                "easing": "EASEINOUTQUAD",
                "turn": 0,
                "rightArm": {
                    "y": 2.81520938873291
                }
            },
            {
                "tick": 9,
                "easing": "EASEINOUTQUAD",
                "turn": 0,
                "rightArm": {
                    "y": 4.05265998840332
                }
            },
            {
                "tick": 1,
                "easing": "EASEINOUTQUAD",
                "turn": 0,
                "rightArm": {
                    "z": -0.0
                }
            },
            {
                "tick": 3,
                "easing": "EASEINOUTQUAD",
                "turn": 0,
                "rightArm": {
                    "z": -0.0
                }
            },
            {
                "tick": 5,
                "easing": "EASEINOUTQUAD",
                "turn": 0,
                "rightArm": {
                    "z": -0.5127659440040588
                }
            },
            {
                "tick": 7,
                "easing": "EASEINOUTQUAD",
                "turn": 0,
                "rightArm": {
                    "z": -0.25493723154067993
                }
            },
            {
                "tick": 9,
                "easing": "EASEINOUTQUAD",
                "turn": 0,
                "rightArm": {
                    "z": -0.6419200897216797
                }
            },
            {
                "tick": 1,
                "easing": "EASEINOUTQUAD",
                "turn": 0,
                "rightArm": {
                    "x": -5.0
                }
            },
            {
                "tick": 3,
                "easing": "EASEINOUTQUAD",
                "turn": 0,
                "rightArm": {
                    "x": -5.0
                }
            },
            {
                "tick": 5,
                "easing": "EASEINOUTQUAD",
                "turn": 0,
                "rightArm": {
                    "x": -5.0
                }
            },
            {
                "tick": 7,
                "easing": "EASEINOUTQUAD",
                "turn": 0,
                "rightArm": {
                    "x": -5.0
                }
            },
            {
                "tick": 9,
                "easing": "EASEINOUTQUAD",
                "turn": 0,
                "rightArm": {
                    "x": -5.0
                }
            },
            {
                "tick": 1,
                "easing": "EASEINOUTQUAD",
                "turn": 0,
                "rightArm": {
                    "pitch": -0.6128332018852234
                }
            },
            {
                "tick": 3,
                "easing": "EASEINOUTQUAD",
                "turn": 0,
                "rightArm": {
                    "pitch": -0.6128332018852234
                }
            },
            {
                "tick": 5,
                "easing": "EASEINOUTQUAD",
                "turn": 0,
                "rightArm": {
                    "pitch": -0.6128332018852234
                }
            },
            {
                "tick": 7,
                "easing": "EASEINOUTQUAD",
                "turn": 0,
                "rightArm": {
                    "pitch": -0.6128332018852234
                }
            },
            {
                "tick": 9,
                "easing": "EASEINOUTQUAD",
                "turn": 0,
                "rightArm": {
                    "pitch": -0.6128332018852234
                }
            },
            {
                "tick": 1,
                "easing": "EASEINOUTQUAD",
                "turn": 0,
                "leftArm": {
                    "roll": -0.6549555659294128
                }
            },
            {
                "tick": 3,
                "easing": "EASEINOUTQUAD",
                "turn": 0,
                "leftArm": {
                    "roll": -0.7868857979774475
                }
            },
            {
                "tick": 1,
                "easing": "EASEINOUTQUAD",
                "turn": 0,
                "leftArm": {
                    "yaw": 0.6378511786460876
                }
            },
            {
                "tick": 3,
                "easing": "EASEINOUTQUAD",
                "turn": 0,
                "leftArm": {
                    "yaw": 0.7525956034660339
                }
            },
            {
                "tick": 1,
                "easing": "EASEINOUTQUAD",
                "turn": 0,
                "leftArm": {
                    "pitch": -0.8186296820640564
                }
            },
            {
                "tick": 3,
                "easing": "EASEINOUTQUAD",
                "turn": 0,
                "leftArm": {
                    "pitch": -0.9496685862541199
                }
            },
            {
                "tick": 1,
                "easing": "EASEINOUTQUAD",
                "turn": 0,
                "leftArm": {
                    "y": 2.0
                }
            },
            {
                "tick": 3,
                "easing": "EASEINOUTQUAD",
                "turn": 0,
                "leftArm": {
                    "y": 2.0
                }
            },
            {
                "tick": 1,
                "easing": "EASEINOUTQUAD",
                "turn": 0,
                "leftArm": {
                    "z": -0.0
                }
            },
            {
                "tick": 3,
                "easing": "EASEINOUTQUAD",
                "turn": 0,
                "leftArm": {
                    "z": -0.0
                }
            },
            {
                "tick": 1,
                "easing": "EASEINOUTQUAD",
                "turn": 0,
                "leftArm": {
                    "x": 5.0
                }
            },
            {
                "tick": 3,
                "easing": "EASEINOUTQUAD",
                "turn": 0,
                "leftArm": {
                    "x": 5.0
                }
            },
            {
                "tick": 1,
                "easing": "EASEINOUTQUAD",
                "turn": 0,
                "leftArm": {
                    "bend": -0.959240734577179
                }
            },
            {
                "tick": 3,
                "easing": "EASEINOUTQUAD",
                "turn": 0,
                "leftArm": {
                    "bend": -0.8241322040557861
                }
            }
        ]
    }
}