{
    "name": {
        "translate": "mineeemotes.emote.name.miemgdown",
        "fallback": "Glitchy"
    },
    "author": "MineEmotes",
    "description": {
        "translate": "mineeemotes.emote.description.miemgdown",
        "fallback": "Down"
    },
    "emote": {
        "isLoop": "true",
        "returnTick": 2,
        "beginTick": 2,
        "endTick": 7,
        "stopTick": 7,
        "degrees": false,
        "moves": [
            {
                "tick": 1,
                "easing": "EASEINOUTQUAD",
                "turn": 0,
                "head": {
                    "y": -0.0
                }
            },
            {
                "tick": 2,
                "easing": "EASEINOUTQUAD",
                "turn": 0,
                "head": {
                    "y": -0.0
                }
            },
            {
                "tick": 3,
                "easing": "EASEINOUTQUAD",
                "turn": 0,
                "head": {
                    "y": 0.2241668701171875
                }
            },
            {
                "tick": 4,
                "easing": "EASEINOUTQUAD",
                "turn": 0,
                "head": {
                    "y": 0.17667388916015625
                }
            },
            {
                "tick": 5,
                "easing": "EASEINOUTQUAD",
                "turn": 0,
                "head": {
                    "y": 0.5439853668212891
                }
            },
            {
                "tick": 6,
                "easing": "EASEINOUTQUAD",
                "turn": 0,
                "head": {
                    "y": 0.31832122802734375
                }
            },
            {
                "tick": 7,
                "easing": "EASEINOUTQUAD",
                "turn": 0,
                "head": {
                    "y": -0.0
                }
            },
            {
                "tick": 1,
                "easing": "EASEINOUTQUAD",
                "turn": 0,
                "head": {
                    "z": -0.0
                }
            },
            {
                "tick": 2,
                "easing": "EASEINOUTQUAD",
                "turn": 0,
                "head": {
                    "z": -0.0
                }
            },
            {
                "tick": 3,
                "easing": "EASEINOUTQUAD",
                "turn": 0,
                "head": {
                    "z": -1.1693305969238281
                }
            },
            {
                "tick": 4,
                "easing": "EASEINOUTQUAD",
                "turn": 0,
                "head": {
                    "z": 0.3222973346710205
                }
            },
            {
                "tick": 5,
                "easing": "EASEINOUTQUAD",
                "turn": 0,
                "head": {
                    "z": -1.751190423965454
                }
            },
            {
                "tick": 6,
                "easing": "EASEINOUTQUAD",
                "turn": 0,
                "head": {
                    "z": -0.574050784111023
                }
            },
            {
                "tick": 7,
                "easing": "EASEINOUTQUAD",
                "turn": 0,
                "head": {
                    "z": -0.0
                }
            },
            {
                "tick": 1,
                "easing": "EASEINOUTQUAD",
                "turn": 0,
                "head": {
                    "x": -0.0
                }
            },
            {
                "tick": 2,
                "easing": "EASEINOUTQUAD",
                "turn": 0,
                "head": {
                    "x": -0.0
                }
            },
            {
                "tick": 3,
                "easing": "EASEINOUTQUAD",
                "turn": 0,
                "head": {
                    "x": -0.0
                }
            },
            {
                "tick": 4,
                "easing": "EASEINOUTQUAD",
                "turn": 0,
                "head": {
                    "x": 0.25328874588012695
                }
            },
            {
                "tick": 5,
                "easing": "EASEINOUTQUAD",
                "turn": 0,
                "head": {
                    "x": -0.13201460242271423
                }
            },
            {
                "tick": 6,
                "easing": "EASEINOUTQUAD",
                "turn": 0,
                "head": {
                    "x": -0.13201460242271423
                }
            },
            {
                "tick": 7,
                "easing": "EASEINOUTQUAD",
                "turn": 0,
                "head": {
                    "x": -0.0
                }
            },
            {
                "tick": 1,
                "easing": "EASEINOUTQUAD",
                "turn": 0,
                "head": {
                    "yaw": -0.0
                }
            },
            {
                "tick": 2,
                "easing": "EASEINOUTQUAD",
                "turn": 0,
                "head": {
                    "yaw": -0.0
                }
            },
            {
                "tick": 3,
                "easing": "EASEINOUTQUAD",
                "turn": 0,
                "head": {
                    "yaw": -0.0
                }
            },
            {
                "tick": 4,
                "easing": "EASEINOUTQUAD",
                "turn": 0,
                "head": {
                    "yaw": -0.0
                }
            },
            {
                "tick": 5,
                "easing": "EASEINOUTQUAD",
                "turn": 0,
                "head": {
                    "yaw": -0.0
                }
            },
            {
                "tick": 6,
                "easing": "EASEINOUTQUAD",
                "turn": 0,
                "head": {
                    "yaw": -0.0
                }
            },
            {
                "tick": 7,
                "easing": "EASEINOUTQUAD",
                "turn": 0,
                "head": {
                    "yaw": -0.0
                }
            },
            {
                "tick": 1,
                "easing": "EASEINOUTQUAD",
                "turn": 0,
                "head": {
                    "roll": -0.0
                }
            },
            {
                "tick": 2,
                "easing": "EASEINOUTQUAD",
                "turn": 0,
                "head": {
                    "roll": -0.0
                }
            },
            {
                "tick": 3,
                "easing": "EASEINOUTQUAD",
                "turn": 0,
                "head": {
                    "roll": 0.0
                }
            },
            {
                "tick": 4,
                "easing": "EASEINOUTQUAD",
                "turn": 0,
                "head": {
                    "roll": 0.0
                }
            },
            {
                "tick": 5,
                "easing": "EASEINOUTQUAD",
                "turn": 0,
                "head": {
                    "roll": 0.0
                }
            },
            {
                "tick": 6,
                "easing": "EASEINOUTQUAD",
                "turn": 0,
                "head": {
                    "roll": 0.0
                }
            },
            {
                "tick": 7,
                "easing": "EASEINOUTQUAD",
                "turn": 0,
                "head": {
                    "roll": -0.0
                }
            },
            {
                "tick": 1,
                "easing": "EASEINOUTQUAD",
                "turn": 0,
                "head": {
                    "pitch": 0.14086300134658813
                }
            },
            {
                "tick": 2,
                "easing": "EASEINOUTQUAD",
                "turn": 0,
                "head": {
                    "pitch": 0.14086300134658813
                }
            },
            {
                "tick": 3,
                "easing": "EASEINOUTQUAD",
                "turn": 0,
                "head": {
                    "pitch": 0.14086300134658813
                }
            },
            {
                "tick": 4,
                "easing": "EASEINOUTQUAD",
                "turn": 0,
                "head": {
                    "pitch": 0.14086300134658813
                }
            },
            {
                "tick": 5,
                "easing": "EASEINOUTQUAD",
                "turn": 0,
                "head": {
                    "pitch": 0.14086300134658813
                }
            },
            {
                "tick": 6,
                "easing": "EASEINOUTQUAD",
                "turn": 0,
                "head": {
                    "pitch": 0.14086300134658813
                }
            },
            {
                "tick": 7,
                "easing": "EASEINOUTQUAD",
                "turn": 0,
                "head": {
                    "pitch": 0.14086300134658813
                }
            },
            {
                "tick": 1,
                "easing": "EASEINOUTQUAD",
                "turn": 0,
                "torso": {
                    "yaw": 0.0
                }
            },
            {
                "tick": 2,
                "easing": "EASEINOUTQUAD",
                "turn": 0,
                "torso": {
                    "yaw": 0.0
                }
            },
            {
                "tick": 1,
                "easing": "EASEINOUTQUAD",
                "turn": 0,
                "torso": {
                    "roll": -0.0
                }
            },
            {
                "tick": 2,
                "easing": "EASEINOUTQUAD",
                "turn": 0,
                "torso": {
                    "roll": -0.0
                }
            },
            {
                "tick": 1,
                "easing": "EASEINOUTQUAD",
                "turn": 0,
                "torso": {
                    "pitch": -0.9391928911209106
                }
            },
            {
                "tick": 2,
                "easing": "EASEINOUTQUAD",
                "turn": 0,
                "torso": {
                    "pitch": -0.9391928911209106
                }
            },
            {
                "tick": 1,
                "easing": "EASEINOUTQUAD",
                "turn": 0,
                "torso": {
                    "y": 0.0
                }
            },
            {
                "tick": 2,
                "easing": "EASEINOUTQUAD",
                "turn": 0,
                "torso": {
                    "y": 0.0
                }
            },
            {
                "tick": 1,
                "easing": "EASEINOUTQUAD",
                "turn": 0,
                "torso": {
                    "x": 0.0
                }
            },
            {
                "tick": 2,
                "easing": "EASEINOUTQUAD",
                "turn": 0,
                "torso": {
                    "x": 0.0
                }
            },
            {
                "tick": 1,
                "easing": "EASEINOUTQUAD",
                "turn": 0,
                "torso": {
                    "z": -0.0
                }
            },
            {
                "tick": 2,
                "easing": "EASEINOUTQUAD",
                "turn": 0,
                "torso": {
                    "z": -0.0
                }
            },
            {
                "tick": 1,
                "easing": "EASEINOUTQUAD",
                "turn": 0,
                "torso": {
                    "bend": 0.4421960115432739
                }
            },
            {
                "tick": 2,
                "easing": "EASEINOUTQUAD",
                "turn": 0,
                "torso": {
                    "bend": 0.4421960115432739
                }
            },
            {
                "tick": 1,
                "easing": "EASEINOUTQUAD",
                "turn": 0,
                "rightArm": {
                    "yaw": -0.0
                }
            },
            {
                "tick": 2,
                "easing": "EASEINOUTQUAD",
                "turn": 0,
                "rightArm": {
                    "yaw": -0.0
                }
            },
            {
                "tick": 3,
                "easing": "EASEINOUTQUAD",
                "turn": 0,
                "rightArm": {
                    "yaw": -0.0
                }
            },
            {
                "tick": 4,
                "easing": "EASEINOUTQUAD",
                "turn": 0,
                "rightArm": {
                    "yaw": -0.0
                }
            },
            {
                "tick": 5,
                "easing": "EASEINOUTQUAD",
                "turn": 0,
                "rightArm": {
                    "yaw": -0.0
                }
            },
            {
                "tick": 6,
                "easing": "EASEINOUTQUAD",
                "turn": 0,
                "rightArm": {
                    "yaw": -0.0
                }
            },
            {
                "tick": 7,
                "easing": "EASEINOUTQUAD",
                "turn": 0,
                "rightArm": {
                    "yaw": -0.0
                }
            },
            {
                "tick": 1,
                "easing": "EASEINOUTQUAD",
                "turn": 0,
                "rightArm": {
                    "roll": -0.0
                }
            },
            {
                "tick": 2,
                "easing": "EASEINOUTQUAD",
                "turn": 0,
                "rightArm": {
                    "roll": -0.0
                }
            },
            {
                "tick": 3,
                "easing": "EASEINOUTQUAD",
                "turn": 0,
                "rightArm": {
                    "roll": 0.0
                }
            },
            {
                "tick": 4,
                "easing": "EASEINOUTQUAD",
                "turn": 0,
                "rightArm": {
                    "roll": 0.0
                }
            },
            {
                "tick": 5,
                "easing": "EASEINOUTQUAD",
                "turn": 0,
                "rightArm": {
                    "roll": 0.0
                }
            },
            {
                "tick": 6,
                "easing": "EASEINOUTQUAD",
                "turn": 0,
                "rightArm": {
                    "roll": 0.0
                }
            },
            {
                "tick": 7,
                "easing": "EASEINOUTQUAD",
                "turn": 0,
                "rightArm": {
                    "roll": -0.0
                }
            },
            {
                "tick": 1,
                "easing": "EASEINOUTQUAD",
                "turn": 0,
                "rightArm": {
                    "y": 2.0
                }
            },
            {
                "tick": 2,
                "easing": "EASEINOUTQUAD",
                "turn": 0,
                "rightArm": {
                    "y": 2.0
                }
            },
            {
                "tick": 3,
                "easing": "EASEINOUTQUAD",
                "turn": 0,
                "rightArm": {
                    "y": 2.4810914993286133
                }
            },
            {
                "tick": 4,
                "easing": "EASEINOUTQUAD",
                "turn": 0,
                "rightArm": {
                    "y": 1.849472999572754
                }
            },
            {
                "tick": 5,
                "easing": "EASEINOUTQUAD",
                "turn": 0,
                "rightArm": {
                    "y": 1.9704885482788086
                }
            },
            {
                "tick": 6,
                "easing": "EASEINOUTQUAD",
                "turn": 0,
                "rightArm": {
                    "y": 1.662276268005371
                }
            },
            {
                "tick": 7,
                "easing": "EASEINOUTQUAD",
                "turn": 0,
                "rightArm": {
                    "y": 2.0
                }
            },
            {
                "tick": 1,
                "easing": "EASEINOUTQUAD",
                "turn": 0,
                "rightArm": {
                    "z": -0.0
                }
            },
            {
                "tick": 2,
                "easing": "EASEINOUTQUAD",
                "turn": 0,
                "rightArm": {
                    "z": -0.0
                }
            },
            {
                "tick": 3,
                "easing": "EASEINOUTQUAD",
                "turn": 0,
                "rightArm": {
                    "z": -0.4122999906539917
                }
            },
            {
                "tick": 4,
                "easing": "EASEINOUTQUAD",
                "turn": 0,
                "rightArm": {
                    "z": 0.2738599181175232
                }
            },
            {
                "tick": 5,
                "easing": "EASEINOUTQUAD",
                "turn": 0,
                "rightArm": {
                    "z": -0.40927982330322266
                }
            },
            {
                "tick": 6,
                "easing": "EASEINOUTQUAD",
                "turn": 0,
                "rightArm": {
                    "z": -0.9728937149047852
                }
            },
            {
                "tick": 7,
                "easing": "EASEINOUTQUAD",
                "turn": 0,
                "rightArm": {
                    "z": -0.0
                }
            },
            {
                "tick": 1,
                "easing": "EASEINOUTQUAD",
                "turn": 0,
                "rightArm": {
                    "x": -5.0
                }
            },
            {
                "tick": 2,
                "easing": "EASEINOUTQUAD",
                "turn": 0,
                "rightArm": {
                    "x": -5.0
                }
            },
            {
                "tick": 3,
                "easing": "EASEINOUTQUAD",
                "turn": 0,
                "rightArm": {
                    "x": -5.121593952178955
                }
            },
            {
                "tick": 4,
                "easing": "EASEINOUTQUAD",
                "turn": 0,
                "rightArm": {
                    "x": -4.937865734100342
                }
            },
            {
                "tick": 5,
                "easing": "EASEINOUTQUAD",
                "turn": 0,
                "rightArm": {
                    "x": -5.064809322357178
                }
            },
            {
                "tick": 6,
                "easing": "EASEINOUTQUAD",
                "turn": 0,
                "rightArm": {
                    "x": -5.124563217163086
                }
            },
            {
                "tick": 7,
                "easing": "EASEINOUTQUAD",
                "turn": 0,
                "rightArm": {
                    "x": -5.0
                }
            },
            {
                "tick": 1,
                "easing": "EASEINOUTQUAD",
                "turn": 0,
                "rightArm": {
                    "pitch": -1.3301666975021362
                }
            },
            {
                "tick": 2,
                "easing": "EASEINOUTQUAD",
                "turn": 0,
                "rightArm": {
                    "pitch": -1.3301666975021362
                }
            },
            {
                "tick": 3,
                "easing": "EASEINOUTQUAD",
                "turn": 0,
                "rightArm": {
                    "pitch": -1.3301666975021362
                }
            },
            {
                "tick": 4,
                "easing": "EASEINOUTQUAD",
                "turn": 0,
                "rightArm": {
                    "pitch": -1.3301666975021362
                }
            },
            {
                "tick": 5,
                "easing": "EASEINOUTQUAD",
                "turn": 0,
                "rightArm": {
                    "pitch": -1.3301666975021362
                }
            },
            {
                "tick": 6,
                "easing": "EASEINOUTQUAD",
                "turn": 0,
                "rightArm": {
                    "pitch": -1.3301666975021362
                }
            },
            {
                "tick": 7,
                "easing": "EASEINOUTQUAD",
                "turn": 0,
                "rightArm": {
                    "pitch": -1.3301666975021362
                }
            },
            {
                "tick": 1,
                "easing": "EASEINOUTQUAD",
                "turn": 0,
                "leftArm": {
                    "roll": -0.0
                }
            },
            {
                "tick": 2,
                "easing": "EASEINOUTQUAD",
                "turn": 0,
                "leftArm": {
                    "roll": -0.0
                }
            },
            {
                "tick": 3,
                "easing": "EASEINOUTQUAD",
                "turn": 0,
                "leftArm": {
                    "roll": 0.0
                }
            },
            {
                "tick": 4,
                "easing": "EASEINOUTQUAD",
                "turn": 0,
                "leftArm": {
                    "roll": 0.0
                }
            },
            {
                "tick": 5,
                "easing": "EASEINOUTQUAD",
                "turn": 0,
                "leftArm": {
                    "roll": 0.0
                }
            },
            {
                "tick": 6,
                "easing": "EASEINOUTQUAD",
                "turn": 0,
                "leftArm": {
                    "roll": -0.0
                }
            },
            {
                "tick": 7,
                "easing": "EASEINOUTQUAD",
                "turn": 0,
                "leftArm": {
                    "roll": -0.0
                }
            },
            {
                "tick": 1,
                "easing": "EASEINOUTQUAD",
                "turn": 0,
                "leftArm": {
                    "yaw": -0.0
                }
            },
            {
                "tick": 2,
                "easing": "EASEINOUTQUAD",
                "turn": 0,
                "leftArm": {
                    "yaw": -0.0
                }
            },
            {
                "tick": 3,
                "easing": "EASEINOUTQUAD",
                "turn": 0,
                "leftArm": {
                    "yaw": -0.0
                }
            },
            {
                "tick": 4,
                "easing": "EASEINOUTQUAD",
                "turn": 0,
                "leftArm": {
                    "yaw": -0.0
                }
            },
            {
                "tick": 5,
                "easing": "EASEINOUTQUAD",
                "turn": 0,
                "leftArm": {
                    "yaw": -0.0
                }
            },
            {
                "tick": 6,
                "easing": "EASEINOUTQUAD",
                "turn": 0,
                "leftArm": {
                    "yaw": -0.0
                }
            },
            {
                "tick": 7,
                "easing": "EASEINOUTQUAD",
                "turn": 0,
                "leftArm": {
                    "yaw": -0.0
                }
            },
            {
                "tick": 1,
                "easing": "EASEINOUTQUAD",
                "turn": 0,
                "leftArm": {
                    "pitch": 4.928818702697754
                }
            },
            {
                "tick": 2,
                "easing": "EASEINOUTQUAD",
                "turn": 0,
                "leftArm": {
                    "pitch": 4.928818702697754
                }
            },
            {
                "tick": 3,
                "easing": "EASEINOUTQUAD",
                "turn": 0,
                "leftArm": {
                    "pitch": 4.928818702697754
                }
            },
            {
                "tick": 4,
                "easing": "EASEINOUTQUAD",
                "turn": 0,
                "leftArm": {
                    "pitch": 4.928818702697754
                }
            },
            {
                "tick": 5,
                "easing": "EASEINOUTQUAD",
                "turn": 0,
                "leftArm": {
                    "pitch": 4.928818702697754
                }
            },
            {
                "tick": 6,
                "easing": "EASEINOUTQUAD",
                "turn": 0,
                "leftArm": {
                    "pitch": 4.928818702697754
                }
            },
            {
                "tick": 7,
                "easing": "EASEINOUTQUAD",
                "turn": 0,
                "leftArm": {
                    "pitch": 4.928818702697754
                }
            },
            {
                "tick": 1,
                "easing": "EASEINOUTQUAD",
                "turn": 0,
                "leftArm": {
                    "y": 2.0019073486328125
                }
            },
            {
                "tick": 2,
                "easing": "EASEINOUTQUAD",
                "turn": 0,
                "leftArm": {
                    "y": 2.0019073486328125
                }
            },
            {
                "tick": 3,
                "easing": "EASEINOUTQUAD",
                "turn": 0,
                "leftArm": {
                    "y": 2.22509765625
                }
            },
            {
                "tick": 4,
                "easing": "EASEINOUTQUAD",
                "turn": 0,
                "leftArm": {
                    "y": 1.3520746231079102
                }
            },
            {
                "tick": 5,
                "easing": "EASEINOUTQUAD",
                "turn": 0,
                "leftArm": {
                    "y": 2.226959228515625
                }
            },
            {
                "tick": 6,
                "easing": "EASEINOUTQUAD",
                "turn": 0,
                "leftArm": {
                    "y": 1.9662809371948242
                }
            },
            {
                "tick": 7,
                "easing": "EASEINOUTQUAD",
                "turn": 0,
                "leftArm": {
                    "y": 2.0019073486328125
                }
            },
            {
                "tick": 1,
                "easing": "EASEINOUTQUAD",
                "turn": 0,
                "leftArm": {
                    "z": 0.00036556361010298133
                }
            },
            {
                "tick": 2,
                "easing": "EASEINOUTQUAD",
                "turn": 0,
                "leftArm": {
                    "z": 0.00036556361010298133
                }
            },
            {
                "tick": 3,
                "easing": "EASEINOUTQUAD",
                "turn": 0,
                "leftArm": {
                    "z": -0.7735480666160583
                }
            },
            {
                "tick": 4,
                "easing": "EASEINOUTQUAD",
                "turn": 0,
                "leftArm": {
                    "z": -0.7367358207702637
                }
            },
            {
                "tick": 5,
                "easing": "EASEINOUTQUAD",
                "turn": 0,
                "leftArm": {
                    "z": 0.14559662342071533
                }
            },
            {
                "tick": 6,
                "easing": "EASEINOUTQUAD",
                "turn": 0,
                "leftArm": {
                    "z": -0.5169019103050232
                }
            },
            {
                "tick": 7,
                "easing": "EASEINOUTQUAD",
                "turn": 0,
                "leftArm": {
                    "z": 0.00036556361010298133
                }
            },
            {
                "tick": 1,
                "easing": "EASEINOUTQUAD",
                "turn": 0,
                "leftArm": {
                    "x": 5.0
                }
            },
            {
                "tick": 2,
                "easing": "EASEINOUTQUAD",
                "turn": 0,
                "leftArm": {
                    "x": 5.0
                }
            },
            {
                "tick": 3,
                "easing": "EASEINOUTQUAD",
                "turn": 0,
                "leftArm": {
                    "x": 5.233161449432373
                }
            },
            {
                "tick": 4,
                "easing": "EASEINOUTQUAD",
                "turn": 0,
                "leftArm": {
                    "x": 4.505845069885254
                }
            },
            {
                "tick": 5,
                "easing": "EASEINOUTQUAD",
                "turn": 0,
                "leftArm": {
                    "x": 5.177934646606445
                }
            },
            {
                "tick": 6,
                "easing": "EASEINOUTQUAD",
                "turn": 0,
                "leftArm": {
                    "x": 5.002363204956055
                }
            },
            {
                "tick": 7,
                "easing": "EASEINOUTQUAD",
                "turn": 0,
                "leftArm": {
                    "x": 5.0
                }
            },
            {
                "tick": 1,
                "easing": "EASEINOUTQUAD",
                "turn": 0,
                "rightLeg": {
                    "yaw": -0.0
                }
            },
            {
                "tick": 2,
                "easing": "EASEINOUTQUAD",
                "turn": 0,
                "rightLeg": {
                    "yaw": -0.0
                }
            },
            {
                "tick": 3,
                "easing": "EASEINOUTQUAD",
                "turn": 0,
                "rightLeg": {
                    "yaw": -0.0
                }
            },
            {
                "tick": 4,
                "easing": "EASEINOUTQUAD",
                "turn": 0,
                "rightLeg": {
                    "yaw": -0.0
                }
            },
            {
                "tick": 5,
                "easing": "EASEINOUTQUAD",
                "turn": 0,
                "rightLeg": {
                    "yaw": -0.0
                }
            },
            {
                "tick": 6,
                "easing": "EASEINOUTQUAD",
                "turn": 0,
                "rightLeg": {
                    "yaw": -0.0
                }
            },
            {
                "tick": 7,
                "easing": "EASEINOUTQUAD",
                "turn": 0,
                "rightLeg": {
                    "yaw": -0.0
                }
            },
            {
                "tick": 1,
                "easing": "EASEINOUTQUAD",
                "turn": 0,
                "rightLeg": {
                    "roll": -0.0
                }
            },
            {
                "tick": 2,
                "easing": "EASEINOUTQUAD",
                "turn": 0,
                "rightLeg": {
                    "roll": -0.0
                }
            },
            {
                "tick": 3,
                "easing": "EASEINOUTQUAD",
                "turn": 0,
                "rightLeg": {
                    "roll": -0.0
                }
            },
            {
                "tick": 4,
                "easing": "EASEINOUTQUAD",
                "turn": 0,
                "rightLeg": {
                    "roll": 0.0
                }
            },
            {
                "tick": 5,
                "easing": "EASEINOUTQUAD",
                "turn": 0,
                "rightLeg": {
                    "roll": -0.0
                }
            },
            {
                "tick": 6,
                "easing": "EASEINOUTQUAD",
                "turn": 0,
                "rightLeg": {
                    "roll": 0.0
                }
            },
            {
                "tick": 7,
                "easing": "EASEINOUTQUAD",
                "turn": 0,
                "rightLeg": {
                    "roll": -0.0
                }
            },
            {
                "tick": 1,
                "easing": "EASEINOUTQUAD",
                "turn": 0,
                "rightLeg": {
                    "pitch": -0.9468440413475037
                }
            },
            {
                "tick": 2,
                "easing": "EASEINOUTQUAD",
                "turn": 0,
                "rightLeg": {
                    "pitch": -0.9468440413475037
                }
            },
            {
                "tick": 3,
                "easing": "EASEINOUTQUAD",
                "turn": 0,
                "rightLeg": {
                    "pitch": -0.9468440413475037
                }
            },
            {
                "tick": 4,
                "easing": "EASEINOUTQUAD",
                "turn": 0,
                "rightLeg": {
                    "pitch": -0.9468440413475037
                }
            },
            {
                "tick": 5,
                "easing": "EASEINOUTQUAD",
                "turn": 0,
                "rightLeg": {
                    "pitch": -0.9468440413475037
                }
            },
            {
                "tick": 6,
                "easing": "EASEINOUTQUAD",
                "turn": 0,
                "rightLeg": {
                    "pitch": -0.9468440413475037
                }
            },
            {
                "tick": 7,
                "easing": "EASEINOUTQUAD",
                "turn": 0,
                "rightLeg": {
                    "pitch": -0.9468440413475037
                }
            },
            {
                "tick": 1,
                "easing": "EASEINOUTQUAD",
                "turn": 0,
                "rightLeg": {
                    "x": -1.9
                }
            },
            {
                "tick": 2,
                "easing": "EASEINOUTQUAD",
                "turn": 0,
                "rightLeg": {
                    "x": -1.9
                }
            },
            {
                "tick": 3,
                "easing": "EASEINOUTQUAD",
                "turn": 0,
                "rightLeg": {
                    "x": -2.4676970481872558
                }
            },
            {
                "tick": 4,
                "easing": "EASEINOUTQUAD",
                "turn": 0,
                "rightLeg": {
                    "x": -2.4676970481872558
                }
            },
            {
                "tick": 5,
                "easing": "EASEINOUTQUAD",
                "turn": 0,
                "rightLeg": {
                    "x": -2.1841835021972655
                }
            },
            {
                "tick": 6,
                "easing": "EASEINOUTQUAD",
                "turn": 0,
                "rightLeg": {
                    "x": -2.3918184280395507
                }
            },
            {
                "tick": 7,
                "easing": "EASEINOUTQUAD",
                "turn": 0,
                "rightLeg": {
                    "x": -1.9
                }
            },
            {
                "tick": 1,
                "easing": "EASEINOUTQUAD",
                "turn": 0,
                "rightLeg": {
                    "y": 11.775640726089478
                }
            },
            {
                "tick": 2,
                "easing": "EASEINOUTQUAD",
                "turn": 0,
                "rightLeg": {
                    "y": 11.775640726089478
                }
            },
            {
                "tick": 3,
                "easing": "EASEINOUTQUAD",
                "turn": 0,
                "rightLeg": {
                    "y": 11.347140312194824
                }
            },
            {
                "tick": 4,
                "easing": "EASEINOUTQUAD",
                "turn": 0,
                "rightLeg": {
                    "y": 12.210346400737762
                }
            },
            {
                "tick": 5,
                "easing": "EASEINOUTQUAD",
                "turn": 0,
                "rightLeg": {
                    "y": 12.112448617815971
                }
            },
            {
                "tick": 6,
                "easing": "EASEINOUTQUAD",
                "turn": 0,
                "rightLeg": {
                    "y": 12.112448617815971
                }
            },
            {
                "tick": 7,
                "easing": "EASEINOUTQUAD",
                "turn": 0,
                "rightLeg": {
                    "y": 11.775640726089478
                }
            },
            {
                "tick": 1,
                "easing": "EASEINOUTQUAD",
                "turn": 0,
                "rightLeg": {
                    "z": -0.005344876646995539
                }
            },
            {
                "tick": 2,
                "easing": "EASEINOUTQUAD",
                "turn": 0,
                "rightLeg": {
                    "z": -0.005344876646995539
                }
            },
            {
                "tick": 3,
                "easing": "EASEINOUTQUAD",
                "turn": 0,
                "rightLeg": {
                    "z": -0.31882437467575075
                }
            },
            {
                "tick": 4,
                "easing": "EASEINOUTQUAD",
                "turn": 0,
                "rightLeg": {
                    "z": 0.3126742601394653
                }
            },
            {
                "tick": 5,
                "easing": "EASEINOUTQUAD",
                "turn": 0,
                "rightLeg": {
                    "z": 0.24105483889579774
                }
            },
            {
                "tick": 6,
                "easing": "EASEINOUTQUAD",
                "turn": 0,
                "rightLeg": {
                    "z": 0.24105483889579774
                }
            },
            {
                "tick": 7,
                "easing": "EASEINOUTQUAD",
                "turn": 0,
                "rightLeg": {
                    "z": -0.005344876646995539
                }
            },
            {
                "tick": 1,
                "easing": "EASEINOUTQUAD",
                "turn": 0,
                "leftLeg": {
                    "yaw": -0.0
                }
            },
            {
                "tick": 2,
                "easing": "EASEINOUTQUAD",
                "turn": 0,
                "leftLeg": {
                    "yaw": -0.0
                }
            },
            {
                "tick": 3,
                "easing": "EASEINOUTQUAD",
                "turn": 0,
                "leftLeg": {
                    "yaw": -0.0
                }
            },
            {
                "tick": 4,
                "easing": "EASEINOUTQUAD",
                "turn": 0,
                "leftLeg": {
                    "yaw": -0.0
                }
            },
            {
                "tick": 5,
                "easing": "EASEINOUTQUAD",
                "turn": 0,
                "leftLeg": {
                    "yaw": -0.0
                }
            },
            {
                "tick": 6,
                "easing": "EASEINOUTQUAD",
                "turn": 0,
                "leftLeg": {
                    "yaw": -0.0
                }
            },
            {
                "tick": 7,
                "easing": "EASEINOUTQUAD",
                "turn": 0,
                "leftLeg": {
                    "yaw": -0.0
                }
            },
            {
                "tick": 1,
                "easing": "EASEINOUTQUAD",
                "turn": 0,
                "leftLeg": {
                    "roll": -0.0
                }
            },
            {
                "tick": 2,
                "easing": "EASEINOUTQUAD",
                "turn": 0,
                "leftLeg": {
                    "roll": -0.0
                }
            },
            {
                "tick": 3,
                "easing": "EASEINOUTQUAD",
                "turn": 0,
                "leftLeg": {
                    "roll": 0.0
                }
            },
            {
                "tick": 4,
                "easing": "EASEINOUTQUAD",
                "turn": 0,
                "leftLeg": {
                    "roll": -0.0
                }
            },
            {
                "tick": 5,
                "easing": "EASEINOUTQUAD",
                "turn": 0,
                "leftLeg": {
                    "roll": -0.0
                }
            },
            {
                "tick": 6,
                "easing": "EASEINOUTQUAD",
                "turn": 0,
                "leftLeg": {
                    "roll": -0.0
                }
            },
            {
                "tick": 7,
                "easing": "EASEINOUTQUAD",
                "turn": 0,
                "leftLeg": {
                    "roll": -0.0
                }
            },
            {
                "tick": 1,
                "easing": "EASEINOUTQUAD",
                "turn": 0,
                "leftLeg": {
                    "pitch": -0.9468440413475037
                }
            },
            {
                "tick": 2,
                "easing": "EASEINOUTQUAD",
                "turn": 0,
                "leftLeg": {
                    "pitch": -0.9468440413475037
                }
            },
            {
                "tick": 3,
                "easing": "EASEINOUTQUAD",
                "turn": 0,
                "leftLeg": {
                    "pitch": -0.9468440413475037
                }
            },
            {
                "tick": 4,
                "easing": "EASEINOUTQUAD",
                "turn": 0,
                "leftLeg": {
                    "pitch": -0.9468440413475037
                }
            },
            {
                "tick": 5,
                "easing": "EASEINOUTQUAD",
                "turn": 0,
                "leftLeg": {
                    "pitch": -0.9468440413475037
                }
            },
            {
                "tick": 6,
                "easing": "EASEINOUTQUAD",
                "turn": 0,
                "leftLeg": {
                    "pitch": -0.9468440413475037
                }
            },
            {
                "tick": 7,
                "easing": "EASEINOUTQUAD",
                "turn": 0,
                "leftLeg": {
                    "pitch": -0.9468440413475037
                }
            },
            {
                "tick": 1,
                "easing": "EASEINOUTQUAD",
                "turn": 0,
                "leftLeg": {
                    "y": 11.775640726089478
                }
            },
            {
                "tick": 2,
                "easing": "EASEINOUTQUAD",
                "turn": 0,
                "leftLeg": {
                    "y": 11.775640726089478
                }
            },
            {
                "tick": 3,
                "easing": "EASEINOUTQUAD",
                "turn": 0,
                "leftLeg": {
                    "y": 12.137927889823914
                }
            },
            {
                "tick": 4,
                "easing": "EASEINOUTQUAD",
                "turn": 0,
                "leftLeg": {
                    "y": 11.229690313339233
                }
            },
            {
                "tick": 5,
                "easing": "EASEINOUTQUAD",
                "turn": 0,
                "leftLeg": {
                    "y": 12.328064441680908
                }
            },
            {
                "tick": 6,
                "easing": "EASEINOUTQUAD",
                "turn": 0,
                "leftLeg": {
                    "y": 11.7930828332901
                }
            },
            {
                "tick": 7,
                "easing": "EASEINOUTQUAD",
                "turn": 0,
                "leftLeg": {
                    "y": 11.775640726089478
                }
            },
            {
                "tick": 1,
                "easing": "EASEINOUTQUAD",
                "turn": 0,
                "leftLeg": {
                    "z": -0.20534487664699555
                }
            },
            {
                "tick": 2,
                "easing": "EASEINOUTQUAD",
                "turn": 0,
                "leftLeg": {
                    "z": -0.20534487664699555
                }
            },
            {
                "tick": 3,
                "easing": "EASEINOUTQUAD",
                "turn": 0,
                "leftLeg": {
                    "z": 0.059694775938987726
                }
            },
            {
                "tick": 4,
                "easing": "EASEINOUTQUAD",
                "turn": 0,
                "leftLeg": {
                    "z": -0.6047476887702942
                }
            },
            {
                "tick": 5,
                "easing": "EASEINOUTQUAD",
                "turn": 0,
                "leftLeg": {
                    "z": 0.19879367351531982
                }
            },
            {
                "tick": 6,
                "easing": "EASEINOUTQUAD",
                "turn": 0,
                "leftLeg": {
                    "z": -0.19258466958999634
                }
            },
            {
                "tick": 7,
                "easing": "EASEINOUTQUAD",
                "turn": 0,
                "leftLeg": {
                    "z": -0.20534487664699555
                }
            },
            {
                "tick": 1,
                "easing": "EASEINOUTQUAD",
                "turn": 0,
                "leftLeg": {
                    "x": 1.9
                }
            },
            {
                "tick": 2,
                "easing": "EASEINOUTQUAD",
                "turn": 0,
                "leftLeg": {
                    "x": 1.9
                }
            },
            {
                "tick": 3,
                "easing": "EASEINOUTQUAD",
                "turn": 0,
                "leftLeg": {
                    "x": 1.9
                }
            },
            {
                "tick": 4,
                "easing": "EASEINOUTQUAD",
                "turn": 0,
                "leftLeg": {
                    "x": 2.1306582927703857
                }
            },
            {
                "tick": 5,
                "easing": "EASEINOUTQUAD",
                "turn": 0,
                "leftLeg": {
                    "x": 2.070335531234741
                }
            },
            {
                "tick": 6,
                "easing": "EASEINOUTQUAD",
                "turn": 0,
                "leftLeg": {
                    "x": 2.1741992473602294
                }
            },
            {
                "tick": 7,
                "easing": "EASEINOUTQUAD",
                "turn": 0,
                "leftLeg": {
                    "x": 1.9
                }
            },
            {
                "tick": 1,
                "easing": "EASEINOUTQUAD",
                "turn": 0,
                "rightItem": {
                    "x": 0.057320982217788696
                }
            },
            {
                "tick": 2,
                "easing": "EASEINOUTQUAD",
                "turn": 0,
                "rightItem": {
                    "x": 0.057320982217788696
                }
            },
            {
                "tick": 3,
                "easing": "EASEINOUTQUAD",
                "turn": 0,
                "rightItem": {
                    "x": -0.005688615143299103
                }
            },
            {
                "tick": 4,
                "easing": "EASEINOUTQUAD",
                "turn": 0,
                "rightItem": {
                    "x": 0.0024958476424217224
                }
            },
            {
                "tick": 5,
                "easing": "EASEINOUTQUAD",
                "turn": 0,
                "rightItem": {
                    "x": 0.02797844633460045
                }
            },
            {
                "tick": 6,
                "easing": "EASEINOUTQUAD",
                "turn": 0,
                "rightItem": {
                    "x": 0.09371618926525116
                }
            },
            {
                "tick": 7,
                "easing": "EASEINOUTQUAD",
                "turn": 0,
                "rightItem": {
                    "x": 0.057320982217788696
                }
            },
            {
                "tick": 1,
                "easing": "EASEINOUTQUAD",
                "turn": 0,
                "rightItem": {
                    "z": -0.5047850012779236
                }
            },
            {
                "tick": 2,
                "easing": "EASEINOUTQUAD",
                "turn": 0,
                "rightItem": {
                    "z": -0.5047850012779236
                }
            },
            {
                "tick": 3,
                "easing": "EASEINOUTQUAD",
                "turn": 0,
                "rightItem": {
                    "z": -0.18446555733680725
                }
            },
            {
                "tick": 4,
                "easing": "EASEINOUTQUAD",
                "turn": 0,
                "rightItem": {
                    "z": -0.7532579898834229
                }
            },
            {
                "tick": 5,
                "easing": "EASEINOUTQUAD",
                "turn": 0,
                "rightItem": {
                    "z": -0.20499306917190552
                }
            },
            {
                "tick": 6,
                "easing": "EASEINOUTQUAD",
                "turn": 0,
                "rightItem": {
                    "z": -0.7149099707603455
                }
            },
            {
                "tick": 7,
                "easing": "EASEINOUTQUAD",
                "turn": 0,
                "rightItem": {
                    "z": -0.5047850012779236
                }
            },
            {
                "tick": 1,
                "easing": "EASEINOUTQUAD",
                "turn": 0,
                "rightItem": {
                    "y": -0.07037201523780823
                }
            },
            {
                "tick": 2,
                "easing": "EASEINOUTQUAD",
                "turn": 0,
                "rightItem": {
                    "y": -0.07037201523780823
                }
            },
            {
                "tick": 3,
                "easing": "EASEINOUTQUAD",
                "turn": 0,
                "rightItem": {
                    "y": 0.31219127774238586
                }
            },
            {
                "tick": 4,
                "easing": "EASEINOUTQUAD",
                "turn": 0,
                "rightItem": {
                    "y": 0.9484649896621704
                }
            },
            {
                "tick": 5,
                "easing": "EASEINOUTQUAD",
                "turn": 0,
                "rightItem": {
                    "y": -0.08820879459381104
                }
            },
            {
                "tick": 6,
                "easing": "EASEINOUTQUAD",
                "turn": 0,
                "rightItem": {
                    "y": -0.2586808502674103
                }
            },
            {
                "tick": 7,
                "easing": "EASEINOUTQUAD",
                "turn": 0,
                "rightItem": {
                    "y": -0.07037201523780823
                }
            },
            {
                "tick": 1,
                "easing": "EASEINOUTQUAD",
                "turn": 0,
                "rightItem": {
                    "pitch": 0.0
                }
            },
            {
                "tick": 2,
                "easing": "EASEINOUTQUAD",
                "turn": 0,
                "rightItem": {
                    "pitch": 0.0
                }
            },
            {
                "tick": 3,
                "easing": "EASEINOUTQUAD",
                "turn": 0,
                "rightItem": {
                    "pitch": 0.0
                }
            },
            {
                "tick": 4,
                "easing": "EASEINOUTQUAD",
                "turn": 0,
                "rightItem": {
                    "pitch": 0.0
                }
            },
            {
                "tick": 5,
                "easing": "EASEINOUTQUAD",
                "turn": 0,
                "rightItem": {
                    "pitch": 0.0
                }
            },
            {
                "tick": 6,
                "easing": "EASEINOUTQUAD",
                "turn": 0,
                "rightItem": {
                    "pitch": 0.0
                }
            },
            {
                "tick": 7,
                "easing": "EASEINOUTQUAD",
                "turn": 0,
                "rightItem": {
                    "pitch": 0.0
                }
            },
            {
                "tick": 1,
                "easing": "EASEINOUTQUAD",
                "turn": 0,
                "rightItem": {
                    "yaw": 0.0
                }
            },
            {
                "tick": 2,
                "easing": "EASEINOUTQUAD",
                "turn": 0,
                "rightItem": {
                    "yaw": 0.0
                }
            },
            {
                "tick": 3,
                "easing": "EASEINOUTQUAD",
                "turn": 0,
                "rightItem": {
                    "yaw": 0.0
                }
            },
            {
                "tick": 4,
                "easing": "EASEINOUTQUAD",
                "turn": 0,
                "rightItem": {
                    "yaw": 0.0
                }
            },
            {
                "tick": 5,
                "easing": "EASEINOUTQUAD",
                "turn": 0,
                "rightItem": {
                    "yaw": 0.0
                }
            },
            {
                "tick": 6,
                "easing": "EASEINOUTQUAD",
                "turn": 0,
                "rightItem": {
                    "yaw": 0.0
                }
            },
            {
                "tick": 7,
                "easing": "EASEINOUTQUAD",
                "turn": 0,
                "rightItem": {
                    "yaw": 0.0
                }
            },
            {
                "tick": 1,
                "easing": "EASEINOUTQUAD",
                "turn": 0,
                "rightItem": {
                    "roll": 0.0
                }
            },
            {
                "tick": 2,
                "easing": "EASEINOUTQUAD",
                "turn": 0,
                "rightItem": {
                    "roll": 0.0
                }
            },
            {
                "tick": 3,
                "easing": "EASEINOUTQUAD",
                "turn": 0,
                "rightItem": {
                    "roll": 0.0
                }
            },
            {
                "tick": 4,
                "easing": "EASEINOUTQUAD",
                "turn": 0,
                "rightItem": {
                    "roll": 0.0
                }
            },
            {
                "tick": 5,
                "easing": "EASEINOUTQUAD",
                "turn": 0,
                "rightItem": {
                    "roll": 0.0
                }
            },
            {
                "tick": 6,
                "easing": "EASEINOUTQUAD",
                "turn": 0,
                "rightItem": {
                    "roll": 0.0
                }
            },
            {
                "tick": 7,
                "easing": "EASEINOUTQUAD",
                "turn": 0,
                "rightItem": {
                    "roll": 0.0
                }
            },
            {
                "tick": 1,
                "easing": "EASEINOUTQUAD",
                "turn": 0,
                "leftItem": {
                    "roll": 0.0
                }
            },
            {
                "tick": 2,
                "easing": "EASEINOUTQUAD",
                "turn": 0,
                "leftItem": {
                    "roll": 0.0
                }
            },
            {
                "tick": 3,
                "easing": "EASEINOUTQUAD",
                "turn": 0,
                "leftItem": {
                    "roll": 0.0
                }
            },
            {
                "tick": 4,
                "easing": "EASEINOUTQUAD",
                "turn": 0,
                "leftItem": {
                    "roll": 0.0
                }
            },
            {
                "tick": 5,
                "easing": "EASEINOUTQUAD",
                "turn": 0,
                "leftItem": {
                    "roll": 0.0
                }
            },
            {
                "tick": 6,
                "easing": "EASEINOUTQUAD",
                "turn": 0,
                "leftItem": {
                    "roll": 0.0
                }
            },
            {
                "tick": 7,
                "easing": "EASEINOUTQUAD",
                "turn": 0,
                "leftItem": {
                    "roll": 0.0
                }
            },
            {
                "tick": 1,
                "easing": "EASEINOUTQUAD",
                "turn": 0,
                "leftItem": {
                    "x": -0.2698988914489746
                }
            },
            {
                "tick": 2,
                "easing": "EASEINOUTQUAD",
                "turn": 0,
                "leftItem": {
                    "x": -0.2698988914489746
                }
            },
            {
                "tick": 3,
                "easing": "EASEINOUTQUAD",
                "turn": 0,
                "leftItem": {
                    "x": -0.1775743067264557
                }
            },
            {
                "tick": 4,
                "easing": "EASEINOUTQUAD",
                "turn": 0,
                "leftItem": {
                    "x": -0.574648916721344
                }
            },
            {
                "tick": 5,
                "easing": "EASEINOUTQUAD",
                "turn": 0,
                "leftItem": {
                    "x": -0.08996632695198059
                }
            },
            {
                "tick": 6,
                "easing": "EASEINOUTQUAD",
                "turn": 0,
                "leftItem": {
                    "x": -0.3226558268070221
                }
            },
            {
                "tick": 7,
                "easing": "EASEINOUTQUAD",
                "turn": 0,
                "leftItem": {
                    "x": -0.2698988914489746
                }
            },
            {
                "tick": 1,
                "easing": "EASEINOUTQUAD",
                "turn": 0,
                "leftItem": {
                    "y": -0.15735264122486115
                }
            },
            {
                "tick": 2,
                "easing": "EASEINOUTQUAD",
                "turn": 0,
                "leftItem": {
                    "y": -0.15735264122486115
                }
            },
            {
                "tick": 3,
                "easing": "EASEINOUTQUAD",
                "turn": 0,
                "leftItem": {
                    "y": -0.2504812479019165
                }
            },
            {
                "tick": 4,
                "easing": "EASEINOUTQUAD",
                "turn": 0,
                "leftItem": {
                    "y": -0.565951943397522
                }
            },
            {
                "tick": 5,
                "easing": "EASEINOUTQUAD",
                "turn": 0,
                "leftItem": {
                    "y": -0.05245083570480347
                }
            },
            {
                "tick": 6,
                "easing": "EASEINOUTQUAD",
                "turn": 0,
                "leftItem": {
                    "y": -0.10413622856140137
                }
            },
            {
                "tick": 7,
                "easing": "EASEINOUTQUAD",
                "turn": 0,
                "leftItem": {
                    "y": -0.15735264122486115
                }
            },
            {
                "tick": 1,
                "easing": "EASEINOUTQUAD",
                "turn": 0,
                "leftItem": {
                    "z": -0.604826033115387
                }
            },
            {
                "tick": 2,
                "easing": "EASEINOUTQUAD",
                "turn": 0,
                "leftItem": {
                    "z": -0.604826033115387
                }
            },
            {
                "tick": 3,
                "easing": "EASEINOUTQUAD",
                "turn": 0,
                "leftItem": {
                    "z": 0.09332507848739624
                }
            },
            {
                "tick": 4,
                "easing": "EASEINOUTQUAD",
                "turn": 0,
                "leftItem": {
                    "z": -0.5157747864723206
                }
            },
            {
                "tick": 5,
                "easing": "EASEINOUTQUAD",
                "turn": 0,
                "leftItem": {
                    "z": -0.20160868763923645
                }
            },
            {
                "tick": 6,
                "easing": "EASEINOUTQUAD",
                "turn": 0,
                "leftItem": {
                    "z": -1.0037695169448853
                }
            },
            {
                "tick": 7,
                "easing": "EASEINOUTQUAD",
                "turn": 0,
                "leftItem": {
                    "z": -0.604826033115387
                }
            },
            {
                "tick": 1,
                "easing": "EASEINOUTQUAD",
                "turn": 0,
                "leftItem": {
                    "pitch": 0.0
                }
            },
            {
                "tick": 2,
                "easing": "EASEINOUTQUAD",
                "turn": 0,
                "leftItem": {
                    "pitch": 0.0
                }
            },
            {
                "tick": 3,
                "easing": "EASEINOUTQUAD",
                "turn": 0,
                "leftItem": {
                    "pitch": 0.0
                }
            },
            {
                "tick": 4,
                "easing": "EASEINOUTQUAD",
                "turn": 0,
                "leftItem": {
                    "pitch": 0.0
                }
            },
            {
                "tick": 5,
                "easing": "EASEINOUTQUAD",
                "turn": 0,
                "leftItem": {
                    "pitch": 0.0
                }
            },
            {
                "tick": 6,
                "easing": "EASEINOUTQUAD",
                "turn": 0,
                "leftItem": {
                    "pitch": 0.0
                }
            },
            {
                "tick": 7,
                "easing": "EASEINOUTQUAD",
                "turn": 0,
                "leftItem": {
                    "pitch": 0.0
                }
            },
            {
                "tick": 1,
                "easing": "EASEINOUTQUAD",
                "turn": 0,
                "leftItem": {
                    "yaw": 0.0
                }
            },
            {
                "tick": 2,
                "easing": "EASEINOUTQUAD",
                "turn": 0,
                "leftItem": {
                    "yaw": -0.0
                }
            },
            {
                "tick": 3,
                "easing": "EASEINOUTQUAD",
                "turn": 0,
                "leftItem": {
                    "yaw": -0.0
                }
            },
            {
                "tick": 4,
                "easing": "EASEINOUTQUAD",
                "turn": 0,
                "leftItem": {
                    "yaw": -0.0
                }
            },
            {
                "tick": 5,
                "easing": "EASEINOUTQUAD",
                "turn": 0,
                "leftItem": {
                    "yaw": -0.0
                }
            },
            {
                "tick": 6,
                "easing": "EASEINOUTQUAD",
                "turn": 0,
                "leftItem": {
                    "yaw": -0.0
                }
            },
            {
                "tick": 7,
                "easing": "EASEINOUTQUAD",
                "turn": 0,
                "leftItem": {
                    "yaw": 0.0
                }
            }
        ]
    }
}