{
    "version": 3,
    "name": {
        "translate": "mineemotes.emote.name.miemwideputin",
        "fallback": "Wide Putin"
    },
    "author": "MineEmotes",
    "description": {
        "translate": "mineemotes.emote.description.miemwideputin",
        "fallback": "scale"
    },
    "comment": "More emotes from Mine Emotes emote pack can be found in discord server: https://discord.gg/mine-emotes-1027177744427139072",
    "emote": {
        "beginTick": 2,
        "endTick": 5,
        "stopTick": 6,
        "isLoop": true,
        "returnTick": 1,
        "degrees": false,
        "easeBeforeKeyframe": false,
        "nsfw": false,
        "moves": [
            {
                "tick": 1,
                "body": {
                    "y": 0.75,
                    "yaw": -3.141592502593994
                },
                "head": {
                    "yaw": 1.4210854715202004e-14
                },
                "leftArm": {
                    "z": -1.1368683772161603e-13,
                    "yaw": 1.4210854715202004e-14,
                    "axis": -1.4210854715202004e-14
                },
                "leftLeg": {
                    "z": -2.842170943040401e-14,
                    "yaw": 1.4210854715202004e-14,
                    "axis": -1.4210854715202004e-14
                },
                "rightArm": {
                    "z": 1.1368683772161603e-13,
                    "yaw": 1.4210854715202004e-14,
                    "axis": -1.4210854715202004e-14
                },
                "rightLeg": {
                    "z": 2.842170943040401e-14,
                    "yaw": 1.4210854715202004e-14,
                    "axis": -1.4210854715202004e-14
                },
                "torso": {
                    "yaw": 1.4210854715202004e-14,
                    "axis": 1.4210854715202004e-14
                },
                "rightItem": {
                    "x": -4.76837158203125e-07,
                    "z": -1.430511474609375e-06,
                    "roll": -1.4210859797399687e-14
                },
                "leftItem": {
                    "roll": -1.4210854715202004e-14
                }
            },
            {
                "tick": 5,
                "body": {
                    "y": 0.75,
                    "yaw": -3.141592502593994
                },
                "head": {
                    "yaw": 1.4210854715202004e-14
                },
                "leftArm": {
                    "z": -1.1368683772161603e-13,
                    "yaw": 1.4210854715202004e-14,
                    "axis": -1.4210854715202004e-14
                },
                "leftLeg": {
                    "z": -2.842170943040401e-14,
                    "yaw": 1.4210854715202004e-14,
                    "axis": -1.4210854715202004e-14
                },
                "rightArm": {
                    "z": 1.1368683772161603e-13,
                    "yaw": 1.4210854715202004e-14,
                    "axis": -1.4210854715202004e-14
                },
                "rightLeg": {
                    "z": 2.842170943040401e-14,
                    "yaw": 1.4210854715202004e-14,
                    "axis": -1.4210854715202004e-14
                },
                "torso": {
                    "yaw": 1.4210854715202004e-14,
                    "axis": 1.4210854715202004e-14
                },
                "rightItem": {
                    "x": -4.76837158203125e-07,
                    "z": -1.430511474609375e-06,
                    "roll": -1.4210859797399687e-14
                },
                "leftItem": {
                    "roll": -1.4210854715202004e-14
                }
            }
        ]
    }
}