{
    "version": 3,
    "name": {
        "translate": "mineemotes.emote.name.miemliliput",
        "fallback": "Liliputian"
    },
    "author": "MineEmotes",
    "description": {
        "translate": "mineemotes.emote.description.miemliliput",
        "fallback": "scale"
    },
    "comment": "More emotes from Mine Emotes emote pack can be found in discord server: https://discord.gg/mine-emotes-1027177744427139072",
    "emote": {
        "endTick": 9,
        "isLoop": true,
        "returnTick": 0,
        "degrees": false,
        "easeBeforeKeyframe": false,
        "nsfw": false,
        "moves": [
            {
                "tick": 0,
                "body": {
                    "yaw": 1.5099579897537296e-07,
                    "scaleX": 0.10000000149011612,
                    "scaleZ": 0.10000000149011612,
                    "scaleY": 0.10000000149011612
                },
                "leftArm": {
                    "z": 2.842170943040401e-14
                },
                "rightArm": {
                    "z": -2.842170943040401e-14
                },
                "rightItem": {
                    "y": 2.384185791015625e-07,
                    "z": -7.62939453125e-06
                },
                "leftItem": {
                    "y": -1.1920928955078125e-07,
                    "z": -7.62939453125e-06
                }
            },
            {
                "tick": 9,
                "body": {
                    "yaw": 1.5099579897537296e-07,
                    "scaleX": 0.10000000149011612,
                    "scaleZ": 0.10000000149011612,
                    "scaleY": 0.10000000149011612
                },
                "leftArm": {
                    "z": 2.842170943040401e-14
                },
                "rightArm": {
                    "z": -2.842170943040401e-14
                },
                "rightItem": {
                    "y": 2.384185791015625e-07,
                    "z": -7.62939453125e-06
                },
                "leftItem": {
                    "y": -1.1920928955078125e-07,
                    "z": -7.62939453125e-06
                }
            }
        ]
    }
}