{
    "version": 3,
    "name": "дылда",
    "author": "MineEmotes",
    "description": "scale",
    "comment": "More emotes from Mine Emotes emote pack can be found in discord server: https://discord.gg/mine-emotes-1027177744427139072",
    "emote": {
        "beginTick": 2,
        "endTick": 9,
        "stopTick": 10,
        "isLoop": true,
        "returnTick": 1,
        "degrees": false,
        "easeBeforeKeyframe": false,
        "nsfw": false,
        "moves": [
            {
                "tick": 1,
                "body": {
                    "yaw": 1.5099579897537296e-07,
                    "scaleY": 1.5699999332427979
                },
                "head": {
                    "yaw": -7.105427357601002e-15
                },
                "leftArm": {
                    "z": 5.684341886080802e-14,
                    "yaw": -7.105427357601002e-15,
                    "axis": 7.105427357601002e-15
                },
                "leftLeg": {
                    "z": 1.4210854715202004e-14,
                    "yaw": -7.105427357601002e-15,
                    "axis": 7.105427357601002e-15
                },
                "rightArm": {
                    "z": -5.684341886080802e-14,
                    "yaw": -7.105427357601002e-15,
                    "axis": 7.105427357601002e-15
                },
                "rightLeg": {
                    "z": -1.4210854715202004e-14,
                    "yaw": -7.105427357601002e-15,
                    "axis": 7.105427357601002e-15
                },
                "torso": {
                    "yaw": -7.105427357601002e-15,
                    "axis": -7.105427357601002e-15
                },
                "rightItem": {
                    "z": -4.76837158203125e-07,
                    "roll": 7.105427357601002e-15
                },
                "leftItem": {
                    "z": -4.76837158203125e-07,
                    "roll": 7.105427357601002e-15
                }
            },
            {
                "tick": 9,
                "body": {
                    "yaw": 1.5099579897537296e-07,
                    "scaleY": 1.5699999332427979
                },
                "head": {
                    "yaw": -7.105427357601002e-15
                },
                "leftArm": {
                    "z": 5.684341886080802e-14,
                    "yaw": -7.105427357601002e-15,
                    "axis": 7.105427357601002e-15
                },
                "leftLeg": {
                    "z": 1.4210854715202004e-14,
                    "yaw": -7.105427357601002e-15,
                    "axis": 7.105427357601002e-15
                },
                "rightArm": {
                    "z": -5.684341886080802e-14,
                    "yaw": -7.105427357601002e-15,
                    "axis": 7.105427357601002e-15
                },
                "rightLeg": {
                    "z": -1.4210854715202004e-14,
                    "yaw": -7.105427357601002e-15,
                    "axis": 7.105427357601002e-15
                },
                "torso": {
                    "yaw": -7.105427357601002e-15,
                    "axis": -7.105427357601002e-15
                },
                "rightItem": {
                    "z": -4.76837158203125e-07,
                    "roll": 7.105427357601002e-15
                },
                "leftItem": {
                    "z": -4.76837158203125e-07,
                    "roll": 7.105427357601002e-15
                }
            }
        ]
    }
}