{
    "version": 3,
    "name": {
        "translate": "mineemotes.emote.name.miemhelicopter",
        "fallback": "Helicopter"
    },
    "author": "MineEmotes",
    "description": {
        "translate": "mineemotes.emote.description.miemhelicopter",
        "fallback": "scale"
    },
    "comment": "More emotes from Mine Emotes emote pack can be found in discord server: https://discord.gg/mine-emotes-1027177744427139072",
    "emote": {
        "endTick": 19,
        "isLoop": true,
        "returnTick": 0,
        "degrees": false,
        "easeBeforeKeyframe": false,
        "nsfw": false,
        "moves": [
            {
                "tick": 0,
                "body": {
                    "yaw": 1.5099579897537296e-07
                },
                "head": {
                    "y": 10.606908798217773,
                    "scaleX": 1.6326055526733398,
                    "scaleZ": 2.7874186038970947,
                    "scaleY": 2.322106122970581
                },
                "leftArm": {
                    "x": 2.4399125576019287,
                    "z": 18.09906768798828,
                    "y": -2.6803016662597656,
                    "pitch": 1.0831855535507202,
                    "roll": -7.723406270088162e-08,
                    "yaw": 4.646376439154665e-08,
                    "scaleX": 0.09000003337860107,
                    "scaleZ": 1.0,
                    "scaleY": 1.6200000047683716,
                    "bend": -0.0,
                    "axis": 8.881784197001252e-16
                },
                "leftLeg": {
                    "x": 0.7049604058265686,
                    "z": -23.96865463256836,
                    "y": -17.819046020507812,
                    "pitch": 1.5999996662139893,
                    "roll": -1.5707963705062866,
                    "yaw": 4.369275075077894e-08,
                    "scaleX": 0.10000002384185791,
                    "scaleZ": 0.9999999403953552,
                    "scaleY": 3.999999761581421,
                    "bend": -1.0593874366944777e-22,
                    "axis": 1.0587913102856203e-22
                },
                "rightArm": {
                    "x": -0.7126936912536621,
                    "z": 11.442095756530762,
                    "y": 3.043987274169922,
                    "pitch": 1.5707963705062866,
                    "roll": -3.141592502593994,
                    "scaleY": 2.3299999237060547,
                    "bend": -1.1169346570968628
                },
                "rightLeg": {
                    "x": -8.220614433288574,
                    "z": -22.470932006835938,
                    "y": -17.743087768554688,
                    "pitch": -1.5707963705062866,
                    "yaw": -2.799999952316284,
                    "scaleX": 1.0,
                    "scaleZ": 0.12000000476837158,
                    "scaleY": 4.0,
                    "bend": -0.0,
                    "axis": 0.0
                },
                "torso": {
                    "y": -17.811607360839844,
                    "scaleX": 0.2304602861404419,
                    "scaleZ": 0.518959105014801,
                    "axis": -3.552713678800501e-15
                },
                "rightItem": {
                    "scaleX": 0.0,
                    "scaleY": 0.0,
                    "scaleZ": 0.0
                },
                "leftItem": {
                    "x": -3.814697265625e-06,
                    "y": -2.86102294921875e-06,
                    "z": 0.0,
                    "scaleX": 0.0,
                    "scaleY": 0.0,
                    "scaleZ": 0.0
                }
            },
            {
                "tick": 1,
                "leftArm": {
                    "x": 2.4399123191833496,
                    "z": 17.47078514099121,
                    "y": 1.73193359375,
                    "pitch": 1.7831858396530151,
                    "roll": -8.545838170448405e-08,
                    "yaw": 1.0585117138361966e-07,
                    "axis": 0.0
                },
                "leftLeg": {
                    "x": -10.87193775177002,
                    "z": -21.370155334472656,
                    "pitch": 1.0999996662139893,
                    "yaw": 3.8955910497406876e-08,
                    "scaleZ": 1.0,
                    "scaleY": 4.0,
                    "bend": -1.0593873104767328e-22,
                    "axis": -1.1102219658339725e-16
                },
                "rightLeg": {
                    "x": 8.139581680297852,
                    "z": -22.348020553588867,
                    "yaw": -3.500000238418579,
                    "bend": -1.1102230246251565e-16,
                    "axis": 1.4210854715202004e-14
                },
                "leftItem": {
                    "x": 0.0,
                    "y": 1.430511474609375e-06,
                    "z": 9.5367431640625e-07
                }
            },
            {
                "tick": 2,
                "leftArm": {
                    "z": 19.83268928527832,
                    "y": 5.511344909667969,
                    "pitch": 2.4831857681274414,
                    "roll": -5.349027887291413e-08,
                    "yaw": 1.5657140295388672e-07,
                    "axis": -6.661338147750939e-16
                },
                "leftLeg": {
                    "x": -19.78583335876465,
                    "z": -13.53948974609375,
                    "pitch": 0.5999996662139893,
                    "yaw": 2.4681304111595637e-08,
                    "scaleZ": 1.0,
                    "scaleY": 4.0,
                    "bend": -1.4901161193847656e-08,
                    "axis": 2.220446049250313e-16
                },
                "rightLeg": {
                    "x": 20.573366165161133,
                    "z": -11.714494705200195,
                    "yaw": -4.199999809265137,
                    "scaleX": 0.9999999403953552,
                    "scaleY": 3.999999761581421,
                    "axis": -1.4210856409267898e-14
                },
                "leftItem": {
                    "x": 0.0,
                    "y": 1.9073486328125e-06
                }
            },
            {
                "tick": 3,
                "leftArm": {
                    "x": 2.439913034439087,
                    "z": 24.073938369750977,
                    "y": 6.880420684814453,
                    "pitch": 3.1831860542297363,
                    "roll": 3.635147072245104e-09,
                    "yaw": 1.7476993718901213e-07,
                    "axis": -3.720981855970251e-16
                },
                "leftLeg": {
                    "x": -23.854291915893555,
                    "z": -2.3938889503479004,
                    "pitch": 0.09999968111515045,
                    "yaw": 4.363853278732677e-09,
                    "scaleZ": 1.0,
                    "scaleY": 4.0,
                    "bend": -1.059387184258988e-22,
                    "axis": 1.0587911840678754e-22
                },
                "rightLeg": {
                    "x": 23.232946395874023,
                    "z": 4.428552150726318,
                    "yaw": -4.900000095367432,
                    "scaleX": 0.9999999403953552,
                    "scaleY": 3.999999761581421
                },
                "leftItem": {
                    "x": 0.0,
                    "y": 0.0
                }
            },
            {
                "tick": 4,
                "leftArm": {
                    "x": 2.439913272857666,
                    "z": 28.19980812072754,
                    "y": 5.195261001586914,
                    "pitch": 3.883186101913452,
                    "roll": 5.9050904610558064e-08,
                    "yaw": 1.518877468242863e-07,
                    "bend": -2.9802322387695312e-08,
                    "axis": 2.220446049250313e-16
                },
                "leftLeg": {
                    "x": -22.081218719482422,
                    "z": 9.33781909942627,
                    "pitch": -0.40000033378601074,
                    "yaw": -1.7022021125967512e-08,
                    "bend": 7.450580596923828e-09,
                    "axis": -1.1102219658339725e-16
                },
                "rightLeg": {
                    "x": 14.867465019226074,
                    "z": 18.488780975341797,
                    "yaw": -5.600000381469727,
                    "axis": 1.4210854715202004e-14
                },
                "leftItem": {
                    "x": -1.9073486328125e-06,
                    "y": 1.9073486328125e-06,
                    "z": 4.76837158203125e-07
                }
            },
            {
                "tick": 5,
                "leftArm": {
                    "x": 2.439913511276245,
                    "z": 30.26983070373535,
                    "y": 1.2484188079833984,
                    "pitch": 4.583186149597168,
                    "roll": 8.66940936816718e-08,
                    "yaw": 9.86866623975402e-08,
                    "axis": 0.0
                },
                "leftLeg": {
                    "x": -14.900712966918945,
                    "z": 18.78330421447754,
                    "pitch": -0.9000003933906555,
                    "yaw": -3.424031191912036e-08,
                    "bend": -1.4901161193847656e-08,
                    "axis": 2.220446313948109e-16
                },
                "rightLeg": {
                    "x": -0.58864825963974,
                    "z": 23.853439331054688,
                    "yaw": -6.300000190734863,
                    "scaleX": 0.9999999403953552,
                    "scaleY": 3.999999761581421,
                    "bend": -1.1102230246251565e-16,
                    "axis": 4.440891569105034e-16
                },
                "leftItem": {
                    "x": 0.0,
                    "y": 9.5367431640625e-07,
                    "z": -9.5367431640625e-07
                }
            },
            {
                "tick": 6,
                "leftArm": {
                    "x": 2.439913511276245,
                    "z": 29.31045150756836,
                    "y": -3.103839874267578,
                    "pitch": 5.283186435699463,
                    "roll": 7.356368314503925e-08,
                    "yaw": 4.0187977390360174e-08,
                    "axis": 0.0
                },
                "leftLeg": {
                    "x": -4.07082462310791,
                    "z": 23.629980087280273,
                    "pitch": -1.4000003337860107,
                    "yaw": -4.3075377931245384e-08,
                    "axis": 0.0
                },
                "rightLeg": {
                    "x": -15.866151809692383,
                    "z": 17.999452590942383,
                    "yaw": -7.000000476837158,
                    "axis": 1.4210854715202004e-14
                },
                "leftItem": {
                    "x": 0.0,
                    "y": 4.76837158203125e-07,
                    "z": -1.430511474609375e-06
                }
            },
            {
                "tick": 7,
                "leftArm": {
                    "x": 2.439913034439087,
                    "z": 25.772872924804688,
                    "y": -5.814577102661133,
                    "pitch": 5.9831862449646,
                    "roll": 2.583513136755755e-08,
                    "yaw": 3.904588652403618e-09,
                    "scaleZ": 0.9999999403953552,
                    "axis": -3.885780586188048e-16
                },
                "leftLeg": {
                    "x": 7.756918907165527,
                    "z": 22.69121551513672,
                    "pitch": -1.9000003337860107,
                    "yaw": -4.1364092595586044e-08,
                    "bend": -1.0593873104767328e-22,
                    "axis": 0.0
                },
                "rightLeg": {
                    "x": -23.77978515625,
                    "z": 3.6800458431243896,
                    "yaw": -7.700000286102295,
                    "axis": 3.552713678800501e-15
                },
                "leftItem": {
                    "y": -1.9073486328125e-06,
                    "z": 1.430511474609375e-06
                }
            },
            {
                "tick": 8,
                "leftArm": {
                    "x": 2.439912796020508,
                    "z": 21.320880889892578,
                    "y": -5.60890007019043,
                    "pitch": 6.683186054229736,
                    "roll": -3.404407777907181e-08,
                    "yaw": 6.901084592669804e-09,
                    "axis": -7.771560113584912e-16
                },
                "leftLeg": {
                    "x": 17.68667221069336,
                    "z": 16.19684600830078,
                    "pitch": -2.4000003337860107,
                    "roll": -1.570796251296997,
                    "yaw": -2.9525434541710638e-08,
                    "scaleZ": 1.0,
                    "scaleY": 4.0,
                    "axis": -1.0587911840678754e-22
                },
                "rightLeg": {
                    "x": -20.6076602935791,
                    "z": -12.370132446289062,
                    "yaw": -8.399999618530273,
                    "bend": -1.1102230246251565e-16
                },
                "leftItem": {
                    "x": 0.0,
                    "y": 0.0,
                    "z": -1.9073486328125e-06
                }
            },
            {
                "tick": 9,
                "leftArm": {
                    "z": 18.04831314086914,
                    "y": -2.5835304260253906,
                    "pitch": 7.383186340332031,
                    "roll": -7.791185652195054e-08,
                    "yaw": 4.776821072027815e-08,
                    "axis": 0.0
                },
                "leftLeg": {
                    "x": 23.287282943725586,
                    "z": 5.736926555633545,
                    "pitch": -2.9000003337860107,
                    "roll": -1.570796251296997,
                    "yaw": -1.0457917198891664e-08,
                    "scaleZ": 0.9999999403953552,
                    "scaleY": 3.999999761581421,
                    "bend": -1.0593873104767328e-22,
                    "axis": 1.0587911840678754e-22
                },
                "rightLeg": {
                    "x": -7.841648101806641,
                    "z": -22.60246467590332,
                    "yaw": -9.100000381469727,
                    "scaleX": 0.9999999403953552,
                    "scaleY": 3.999999761581421,
                    "bend": -1.1102230246251565e-16
                },
                "leftItem": {
                    "x": 0.0,
                    "y": -9.5367431640625e-07
                }
            },
            {
                "tick": 10,
                "leftArm": {
                    "x": 2.4399123191833496,
                    "z": 17.494306564331055,
                    "y": 1.8386497497558594,
                    "pitch": 8.083187103271484,
                    "roll": -8.513643479091115e-08,
                    "yaw": 1.0728550847716178e-07,
                    "bend": 1.4901161193847656e-08,
                    "axis": -8.881783138210068e-16
                },
                "leftLeg": {
                    "x": 23.187530517578125,
                    "z": -6.127593994140625,
                    "pitch": -3.40000057220459,
                    "roll": -1.570796251296997,
                    "yaw": 1.1170061320342484e-08,
                    "scaleZ": 1.0,
                    "scaleY": 4.0,
                    "bend": 3.7252898543727042e-09,
                    "axis": -1.1102230246251565e-16
                },
                "rightLeg": {
                    "x": 8.514184951782227,
                    "z": -22.204483032226562,
                    "yaw": -9.80000114440918,
                    "axis": -1.4210854715202004e-14
                },
                "leftItem": {
                    "x": 0.0,
                    "y": -4.76837158203125e-07,
                    "z": 9.5367431640625e-07
                }
            },
            {
                "tick": 11,
                "leftArm": {
                    "z": 19.9194278717041,
                    "y": 5.577810287475586,
                    "pitch": 8.783185958862305,
                    "roll": -5.232002919797196e-08,
                    "yaw": 1.574610308807678e-07,
                    "axis": 0.0
                },
                "leftLeg": {
                    "x": 17.411832809448242,
                    "z": -16.491865158081055,
                    "pitch": -3.90000057220459,
                    "roll": -1.570796251296997,
                    "yaw": 3.0063219469411706e-08,
                    "scaleZ": 1.0,
                    "scaleY": 4.0,
                    "axis": 1.0587911840678754e-22
                },
                "rightLeg": {
                    "x": 20.767398834228516,
                    "z": -11.363405227661133,
                    "yaw": -10.5,
                    "bend": 1.1102231569740545e-16,
                    "axis": 1.4210856409267898e-14
                },
                "leftItem": {
                    "x": 0.0,
                    "y": 0.0,
                    "z": 9.5367431640625e-07
                }
            },
            {
                "tick": 12,
                "leftArm": {
                    "x": 2.439913034439087,
                    "z": 24.1830997467041,
                    "y": 6.87537956237793,
                    "pitch": 9.483186721801758,
                    "roll": 5.103296008002189e-09,
                    "yaw": 1.7469645285927982e-07,
                    "axis": -3.64291963042354e-17
                },
                "leftLeg": {
                    "x": 7.374287128448486,
                    "z": -22.81835174560547,
                    "pitch": -4.40000057220459,
                    "yaw": 4.1595853872422595e-08,
                    "scaleZ": 1.0,
                    "scaleY": 4.0,
                    "bend": -1.0593874366944777e-22,
                    "axis": 1.1102226275784625e-16
                },
                "rightLeg": {
                    "x": 23.155168533325195,
                    "z": 4.822089672088623,
                    "yaw": -11.200000762939453
                },
                "leftItem": {
                    "x": 1.9073486328125e-06,
                    "y": 0.0,
                    "z": -1.9073486328125e-06
                }
            },
            {
                "tick": 13,
                "leftArm": {
                    "x": 2.439913272857666,
                    "z": 28.280048370361328,
                    "y": 5.1210784912109375,
                    "pitch": 10.183187484741211,
                    "roll": 6.01265242039517e-08,
                    "yaw": 1.5088571103660797e-07,
                    "axis": 2.220446313948109e-16
                },
                "leftLeg": {
                    "x": -4.467568874359131,
                    "z": -23.55811309814453,
                    "pitch": -4.90000057220459,
                    "yaw": 4.294436806162594e-08,
                    "scaleZ": 1.0,
                    "scaleY": 4.0,
                    "bend": 3.725290298461914e-09,
                    "axis": -1.1102219658339725e-16
                },
                "rightLeg": {
                    "x": 14.554442405700684,
                    "z": 18.739675521850586,
                    "yaw": -11.900001525878906
                },
                "leftItem": {
                    "x": -5.7220458984375e-06,
                    "y": 2.86102294921875e-06,
                    "z": -4.76837158203125e-07
                }
            },
            {
                "tick": 14,
                "leftArm": {
                    "x": 2.439913511276245,
                    "z": 30.283418655395508,
                    "y": 1.1399879455566406,
                    "pitch": 10.883187294006348,
                    "roll": 8.687123909112415e-08,
                    "yaw": 9.722734262140875e-08,
                    "scaleY": 1.6200001239776611,
                    "axis": 0.0
                },
                "leftLeg": {
                    "x": -15.214435577392578,
                    "z": -18.5300235748291,
                    "pitch": -5.40000057220459,
                    "yaw": 3.37786083548508e-08,
                    "scaleZ": 1.0,
                    "scaleY": 4.0,
                    "bend": -1.0593873104767328e-22,
                    "axis": 0.0
                },
                "rightLeg": {
                    "x": -0.9896683692932129,
                    "z": 23.84368133544922,
                    "yaw": -12.600000381469727,
                    "axis": 8.881785255792436e-16
                },
                "leftItem": {
                    "x": -1.9073486328125e-06,
                    "y": 3.337860107421875e-06,
                    "z": 0.0
                }
            },
            {
                "tick": 15,
                "leftArm": {
                    "x": 2.439913511276245,
                    "z": 29.250991821289062,
                    "y": -3.1955204010009766,
                    "pitch": 11.583187103271484,
                    "roll": 7.275907165649187e-08,
                    "yaw": 3.8957750803092495e-08,
                    "axis": 0.0
                },
                "leftLeg": {
                    "x": -22.235103607177734,
                    "z": -8.965139389038086,
                    "pitch": -5.90000057220459,
                    "yaw": 1.6342665887236763e-08,
                    "scaleZ": 1.0,
                    "scaleY": 4.0,
                    "bend": -7.450580596923828e-09,
                    "axis": 1.1102230246251565e-16
                },
                "rightLeg": {
                    "x": -16.16659164428711,
                    "z": 17.7336368560791,
                    "yaw": -13.30000114440918
                },
                "leftItem": {
                    "x": 0.0,
                    "y": 0.0,
                    "z": 9.5367431640625e-07
                }
            },
            {
                "tick": 16,
                "leftArm": {
                    "x": 2.439913034439087,
                    "z": 25.6683349609375,
                    "y": -5.846391677856445,
                    "pitch": 12.283186912536621,
                    "roll": 2.442719981843311e-08,
                    "yaw": 3.4820035743621247e-09,
                    "axis": 7.216449660063518e-16
                },
                "leftLeg": {
                    "x": -23.8106689453125,
                    "z": 2.7947239875793457,
                    "pitch": -6.40000057220459,
                    "yaw": -5.094532351535008e-09,
                    "scaleZ": 1.0,
                    "scaleY": 4.0,
                    "bend": -1.862645149230957e-09,
                    "axis": 5.551115784870273e-17
                },
                "rightLeg": {
                    "x": -23.838327407836914,
                    "z": 3.283212900161743,
                    "yaw": -14.0,
                    "axis": -3.552713678800501e-15
                },
                "leftItem": {
                    "x": 0.0,
                    "y": 0.0,
                    "z": 9.5367431640625e-07
                }
            },
            {
                "tick": 17,
                "leftArm": {
                    "x": 2.439912796020508,
                    "z": 21.220428466796875,
                    "y": -5.565883636474609,
                    "pitch": 12.983186721801758,
                    "roll": -3.539316750789112e-08,
                    "yaw": 7.484893593812103e-09,
                    "bend": 2.980232594040899e-08,
                    "axis": 7.77156223116728e-16
                },
                "leftLeg": {
                    "x": -19.555377960205078,
                    "z": 13.870341300964355,
                    "pitch": -6.90000057220459,
                    "yaw": -2.528440923299513e-08,
                    "scaleZ": 1.0,
                    "scaleY": 4.0,
                    "bend": -1.0593873104767328e-22,
                    "axis": 0.0
                },
                "rightLeg": {
                    "x": -20.396770477294922,
                    "z": -12.711390495300293,
                    "yaw": -14.700000762939453,
                    "scaleX": 0.9999999403953552,
                    "scaleY": 3.999999761581421,
                    "bend": -0.0
                },
                "leftItem": {
                    "x": 0.0,
                    "y": 1.9073486328125e-06,
                    "z": 1.9073486328125e-06
                }
            },
            {
                "tick": 18,
                "leftArm": {
                    "x": 2.4399125576019287,
                    "z": 17.999191284179688,
                    "y": -2.4859161376953125,
                    "pitch": 13.683187484741211,
                    "roll": -7.856761641278354e-08,
                    "yaw": 4.9083869413379944e-08,
                    "scaleZ": 1.0,
                    "scaleY": 1.6200000047683716,
                    "axis": -4.440891569105034e-16
                },
                "leftLeg": {
                    "x": -10.511076927185059,
                    "z": 21.55001449584961,
                    "pitch": -7.40000057220459,
                    "yaw": -3.9283783337396017e-08,
                    "scaleZ": 1.0,
                    "scaleY": 4.0,
                    "bend": -7.4505797087454084e-09,
                    "axis": 1.1102239510674426e-16
                },
                "rightLeg": {
                    "x": -7.460506916046143,
                    "z": -22.727615356445312,
                    "yaw": -15.400001525878906,
                    "bend": 1.1102230246251565e-16
                },
                "leftItem": {
                    "x": -1.9073486328125e-06,
                    "y": -9.5367431640625e-07,
                    "z": 9.5367431640625e-07
                }
            },
            {
                "tick": 19,
                "body": {
                    "yaw": 1.5099579897537296e-07
                },
                "head": {
                    "y": 10.606908798217773,
                    "scaleX": 1.6326055526733398,
                    "scaleZ": 2.7874186038970947,
                    "scaleY": 2.322106122970581
                },
                "leftArm": {
                    "x": 2.4399123191833496,
                    "z": 17.519622802734375,
                    "y": 1.9449501037597656,
                    "pitch": 14.383187294006348,
                    "roll": -8.479043600573277e-08,
                    "yaw": 1.0871420386138198e-07,
                    "scaleX": 0.09000003337860107,
                    "scaleZ": 0.9999999403953552,
                    "scaleY": 1.619999885559082,
                    "bend": -0.0,
                    "axis": 0.0
                },
                "leftLeg": {
                    "x": 1.1078770160675049,
                    "z": 23.953495025634766,
                    "y": -17.819046020507812,
                    "pitch": -7.90000057220459,
                    "roll": -1.5707963705062866,
                    "yaw": -4.366511774378523e-08,
                    "scaleX": 0.10000002384185791,
                    "scaleZ": 1.0,
                    "scaleY": 4.0,
                    "bend": -1.0593873104767328e-22,
                    "axis": -1.3877680274334825e-17
                },
                "rightArm": {
                    "x": -0.7126936912536621,
                    "z": 11.442095756530762,
                    "y": 3.043987274169922,
                    "pitch": 1.5707963705062866,
                    "roll": -3.141592502593994,
                    "scaleY": 2.3299999237060547,
                    "bend": -1.1169346570968628
                },
                "rightLeg": {
                    "x": 8.886279106140137,
                    "z": -22.054683685302734,
                    "y": -17.743087768554688,
                    "pitch": -1.5707963705062866,
                    "yaw": -16.100000381469727,
                    "scaleX": 1.0,
                    "scaleZ": 0.12000000476837158,
                    "scaleY": 4.0,
                    "bend": -1.1102230246251565e-16,
                    "axis": 0.0
                },
                "torso": {
                    "y": -17.811607360839844,
                    "scaleX": 0.2304602861404419,
                    "scaleZ": 0.518959105014801,
                    "axis": -3.552713678800501e-15
                },
                "rightItem": {
                    "scaleX": 0.0,
                    "scaleY": 0.0,
                    "scaleZ": 0.0
                },
                "leftItem": {
                    "x": -3.814697265625e-06,
                    "y": -9.5367431640625e-07,
                    "z": -9.5367431640625e-07,
                    "scaleX": 0.0,
                    "scaleY": 0.0,
                    "scaleZ": 0.0
                }
            }
        ]
    }
}