{
    "version": 3,
    "name": {
        "translate": "mineemotes.emote.name.miemboat",
        "fallback": "Boat"
    },
    "author": "MineEmotes",
    "description": {
        "translate": "mineemotes.emote.description.miemboat",
        "fallback": "scale"
    },
    "comment": "More emotes from Mine Emotes emote pack can be found in discord server: https://discord.gg/mine-emotes-1027177744427139072",
    "emote": {
        "endTick": 7,
        "isLoop": true,
        "returnTick": 0,
        "degrees": false,
        "easeBeforeKeyframe": false,
        "nsfw": false,
        "moves": [
            {
                "tick": 0,
                "body": {
                    "yaw": 1.5099579897537296e-07
                },
                "head": {
                    "scaleX": 0.0,
                    "scaleZ": 0.0,
                    "scaleY": 0.0
                },
                "leftArm": {
                    "x": 8.188348770141602,
                    "z": 8.936450004577637,
                    "y": 18.025071620941162,
                    "pitch": -1.5707963705062866,
                    "scaleX": 0.5,
                    "scaleZ": 1.5,
                    "scaleY": 2.2899999618530273
                },
                "leftLeg": {
                    "x": 8.826622009277344,
                    "z": 14.405207633972168,
                    "y": 17.946488857269287,
                    "roll": 1.5707963705062866,
                    "yaw": -2.2178159042596235e-07,
                    "scaleX": 1.5,
                    "scaleZ": 0.5,
                    "scaleY": 1.4299999475479126,
                    "bend": 1.6307014773068746e-16
                },
                "rightArm": {
                    "x": -7.839008808135986,
                    "z": 8.950682640075684,
                    "y": 17.93189811706543,
                    "pitch": -1.5707963705062866,
                    "scaleX": 0.5,
                    "scaleZ": 1.5,
                    "scaleY": 2.2899999618530273
                },
                "rightLeg": {
                    "x": -8.361675262451172,
                    "z": -14.501426696777344,
                    "y": 18.01097822189331,
                    "pitch": -2.2178161884767178e-07,
                    "roll": -1.5707963705062866,
                    "scaleX": 1.5,
                    "scaleZ": 0.5,
                    "scaleY": 1.4299999475479126,
                    "bend": -1.4816605140737057e-22
                },
                "torso": {
                    "x": -1.225990786224429e-06,
                    "z": -14.023699760437012,
                    "y": 22.48081111907959,
                    "pitch": 1.5707963705062866,
                    "scaleX": 2.0870230197906494,
                    "scaleZ": 0.7615200877189636,
                    "scaleY": 2.3077151775360107,
                    "axis": 2.117582368135751e-22
                },
                "rightItem": {
                    "x": -3.814697265625e-06,
                    "z": 7.804298043251038,
                    "scaleX": 0.0,
                    "scaleY": 0.0,
                    "scaleZ": 0.0
                },
                "leftItem": {
                    "x": 1.9073486328125e-06,
                    "y": 4.76837158203125e-07,
                    "scaleX": 0.0,
                    "scaleY": 0.0,
                    "scaleZ": 0.0
                }
            },
            {
                "tick": 7,
                "body": {
                    "yaw": 1.5099579897537296e-07
                },
                "head": {
                    "scaleX": 0.0,
                    "scaleZ": 0.0,
                    "scaleY": 0.0
                },
                "leftArm": {
                    "x": 8.188348770141602,
                    "z": 8.936450004577637,
                    "y": 18.025071620941162,
                    "pitch": -1.5707963705062866,
                    "scaleX": 0.5,
                    "scaleZ": 1.5,
                    "scaleY": 2.2899999618530273
                },
                "leftLeg": {
                    "x": 8.826622009277344,
                    "z": 14.405207633972168,
                    "y": 17.946488857269287,
                    "roll": 1.5707963705062866,
                    "yaw": -2.2178159042596235e-07,
                    "scaleX": 1.5,
                    "scaleZ": 0.5,
                    "scaleY": 1.4299999475479126,
                    "bend": 1.6307014773068746e-16
                },
                "rightArm": {
                    "x": -7.839008808135986,
                    "z": 8.950682640075684,
                    "y": 17.93189811706543,
                    "pitch": -1.5707963705062866,
                    "scaleX": 0.5,
                    "scaleZ": 1.5,
                    "scaleY": 2.2899999618530273
                },
                "rightLeg": {
                    "x": -8.361675262451172,
                    "z": -14.501426696777344,
                    "y": 18.01097822189331,
                    "pitch": -2.2178161884767178e-07,
                    "roll": -1.5707963705062866,
                    "scaleX": 1.5,
                    "scaleZ": 0.5,
                    "scaleY": 1.4299999475479126,
                    "bend": -1.4816605140737057e-22
                },
                "torso": {
                    "x": -1.225990786224429e-06,
                    "z": -14.023699760437012,
                    "y": 22.48081111907959,
                    "pitch": 1.5707963705062866,
                    "scaleX": 2.0870230197906494,
                    "scaleZ": 0.7615200877189636,
                    "scaleY": 2.3077151775360107,
                    "axis": 2.117582368135751e-22
                },
                "rightItem": {
                    "x": -3.814697265625e-06,
                    "z": 7.804298043251038,
                    "scaleX": 0.0,
                    "scaleY": 0.0,
                    "scaleZ": 0.0
                },
                "leftItem": {
                    "x": 1.9073486328125e-06,
                    "y": 4.76837158203125e-07,
                    "scaleX": 0.0,
                    "scaleY": 0.0,
                    "scaleZ": 0.0
                }
            }
        ]
    }
}