{
    "version": 1,
    "valid": false,
    "name": {
        "translate": "mineeemotes.emote.name.miemfootballball",
        "fallback": "Soccer ball"
    },
    "description": {
        "translate": "mineeemotes.emote.description.miemfootballball",
        "fallback": "foot-head"
    },
    "author": "MineEmotes",
    "emote": {
        "beginTick": 2,
        "endTick": 11,
        "stopTick": 12,
        "isLoop": true,
        "returnTick": 2,
        "nsfw": false,
        "degrees": false,
        "moves": [
            {
                "tick": 2,
                "easing": "LINEAR",
                "head": {
                    "x": -0.0
                }
            },
            {
                "tick": 11,
                "easing": "LINEAR",
                "head": {
                    "x": -0.0
                }
            },
            {
                "tick": 1,
                "easing": "LINEAR",
                "head": {
                    "y": -376.0
                }
            },
            {
                "tick": 2,
                "easing": "LINEAR",
                "head": {
                    "y": -376.76395
                }
            },
            {
                "tick": 3,
                "easing": "LINEAR",
                "head": {
                    "y": -378.76395
                }
            },
            {
                "tick": 4,
                "easing": "LINEAR",
                "head": {
                    "y": -381.23608
                }
            },
            {
                "tick": 5,
                "easing": "LINEAR",
                "head": {
                    "y": -383.23608
                }
            },
            {
                "tick": 6,
                "easing": "LINEAR",
                "head": {
                    "y": -384.0
                }
            },
            {
                "tick": 7,
                "easing": "LINEAR",
                "head": {
                    "y": -383.23605
                }
            },
            {
                "tick": 8,
                "easing": "LINEAR",
                "head": {
                    "y": -381.23605
                }
            },
            {
                "tick": 9,
                "easing": "LINEAR",
                "head": {
                    "y": -378.76392
                }
            },
            {
                "tick": 10,
                "easing": "CONSTANT",
                "head": {
                    "y": -376.76392
                }
            },
            {
                "tick": 11,
                "easing": "LINEAR",
                "head": {
                    "y": -376.0
                }
            },
            {
                "tick": 2,
                "easing": "LINEAR",
                "head": {
                    "z": 2.351141
                }
            },
            {
                "tick": 3,
                "easing": "LINEAR",
                "head": {
                    "z": 3.8042176
                }
            },
            {
                "tick": 4,
                "easing": "LINEAR",
                "head": {
                    "z": 3.8042107
                }
            },
            {
                "tick": 5,
                "easing": "LINEAR",
                "head": {
                    "z": 2.351119
                }
            },
            {
                "tick": 6,
                "easing": "LINEAR",
                "head": {
                    "z": -2.7418137e-05
                }
            },
            {
                "tick": 7,
                "easing": "LINEAR",
                "head": {
                    "z": -2.3511631
                }
            },
            {
                "tick": 8,
                "easing": "LINEAR",
                "head": {
                    "z": -3.8042355
                }
            },
            {
                "tick": 9,
                "easing": "LINEAR",
                "head": {
                    "z": -3.804225
                }
            },
            {
                "tick": 10,
                "easing": "CONSTANT",
                "head": {
                    "z": -2.3511307
                }
            },
            {
                "tick": 11,
                "easing": "LINEAR",
                "head": {
                    "z": 1.7642975e-05
                }
            },
            {
                "tick": 2,
                "easing": "LINEAR",
                "head": {
                    "pitch": 0.62831855
                }
            },
            {
                "tick": 3,
                "easing": "LINEAR",
                "head": {
                    "pitch": 1.256637
                }
            },
            {
                "tick": 4,
                "easing": "LINEAR",
                "head": {
                    "pitch": 1.8849555
                }
            },
            {
                "tick": 5,
                "easing": "LINEAR",
                "head": {
                    "pitch": 2.513274
                }
            },
            {
                "tick": 6,
                "easing": "LINEAR",
                "head": {
                    "pitch": 3.1415925
                }
            },
            {
                "tick": 7,
                "easing": "LINEAR",
                "head": {
                    "pitch": 3.7699113
                }
            },
            {
                "tick": 8,
                "easing": "LINEAR",
                "head": {
                    "pitch": 4.39823
                }
            },
            {
                "tick": 9,
                "easing": "LINEAR",
                "head": {
                    "pitch": 5.026549
                }
            },
            {
                "tick": 10,
                "easing": "CONSTANT",
                "head": {
                    "pitch": 5.6548676
                }
            },
            {
                "tick": 11,
                "easing": "LINEAR",
                "head": {
                    "pitch": -0.0
                }
            },
            {
                "tick": 2,
                "easing": "LINEAR",
                "head": {
                    "yaw": -0.0
                }
            },
            {
                "tick": 11,
                "easing": "LINEAR",
                "head": {
                    "yaw": -0.0
                }
            },
            {
                "tick": 2,
                "easing": "LINEAR",
                "head": {
                    "roll": 0.0
                }
            },
            {
                "tick": 11,
                "easing": "LINEAR",
                "head": {
                    "roll": 0.0
                }
            },
            {
                "tick": 1,
                "easing": "INOUTQUAD",
                "body": {
                    "x": 0.0
                }
            },
            {
                "tick": 10,
                "easing": "INOUTQUAD",
                "body": {
                    "x": 0.0
                }
            },
            {
                "tick": 1,
                "easing": "INOUTQUAD",
                "body": {
                    "y": -23.375
                }
            },
            {
                "tick": 10,
                "easing": "INOUTQUAD",
                "body": {
                    "y": -23.375
                }
            },
            {
                "tick": 1,
                "easing": "INOUTQUAD",
                "body": {
                    "z": -0.0
                }
            },
            {
                "tick": 10,
                "easing": "INOUTQUAD",
                "body": {
                    "z": -0.0
                }
            },
            {
                "tick": 1,
                "easing": "INOUTQUAD",
                "body": {
                    "pitch": 0.0
                }
            },
            {
                "tick": 10,
                "easing": "INOUTQUAD",
                "body": {
                    "pitch": 0.0
                }
            },
            {
                "tick": 1,
                "easing": "INOUTQUAD",
                "body": {
                    "yaw": 0.0
                }
            },
            {
                "tick": 10,
                "easing": "INOUTQUAD",
                "body": {
                    "yaw": 0.0
                }
            },
            {
                "tick": 1,
                "easing": "INOUTQUAD",
                "body": {
                    "roll": -0.0
                }
            },
            {
                "tick": 10,
                "easing": "INOUTQUAD",
                "body": {
                    "roll": -0.0
                }
            }
        ]
    }
}