{
    "version": 3,
    "name": {
        "translate": "mineemotes.emote.name.miemtwodimensional",
        "fallback": "Two dimensional 2d"
    },
    "author": "MineEmotes",
    "description": {
        "translate": "mineemotes.emote.description.miemtwodimensional",
        "fallback": "scale"
    },
    "comment": "More emotes from Mine Emotes emote pack can be found in discord server: https://discord.gg/mine-emotes-1027177744427139072",
    "emote": {
        "endTick": 9,
        "isLoop": true,
        "returnTick": 4,
        "degrees": false,
        "easeBeforeKeyframe": false,
        "nsfw": false,
        "moves": [
            {
                "tick": 0,
                "body": {
                    "yaw": 1.5099579897537296e-07,
                    "scaleZ": 0.8960104584693909
                },
                "head": {
                    "y": 1.9073486328125e-06,
                    "scaleX": 0.9999999403953552,
                    "scaleZ": 0.9999999403953552,
                    "scaleY": 0.9999999403953552
                },
                "leftArm": {
                    "x": 4.999999523162842,
                    "y": 2.000001907348633,
                    "scaleX": 0.9999999403953552,
                    "scaleZ": 0.9999999403953552,
                    "scaleY": 0.9999999403953552
                },
                "leftLeg": {
                    "x": 1.9999998807907104,
                    "y": 12.000000953674316,
                    "scaleX": 0.9999999403953552,
                    "scaleZ": 0.9999999403953552,
                    "scaleY": 0.9999999403953552
                },
                "rightArm": {
                    "x": -4.999999523162842,
                    "y": 2.000001907348633,
                    "scaleX": 0.9999999403953552,
                    "scaleZ": 0.9999999403953552,
                    "scaleY": 0.9999999403953552
                },
                "rightLeg": {
                    "x": -1.9999998807907104,
                    "y": 12.000000953674316,
                    "scaleX": 0.9999999403953552,
                    "scaleZ": 0.9999999403953552,
                    "scaleY": 0.9999999403953552
                },
                "torso": {
                    "y": 1.9073486328125e-06,
                    "scaleX": 0.9999999403953552,
                    "scaleZ": 0.9999999403953552,
                    "scaleY": 0.9999999403953552
                },
                "rightItem": {
                    "x": -4.76837158203125e-07,
                    "y": -1.1920928955078125e-07,
                    "z": -9.5367431640625e-07,
                    "scaleX": 0.9999999403953552,
                    "scaleY": 0.9999999403953552,
                    "scaleZ": 0.9999999403953552
                },
                "leftItem": {
                    "x": 4.76837158203125e-07,
                    "z": -9.5367431640625e-07,
                    "scaleX": 0.9999999403953552,
                    "scaleY": 0.9999999403953552,
                    "scaleZ": 0.9999999403953552
                }
            },
            {
                "tick": 1,
                "body": {
                    "scaleZ": 0.6480351686477661
                },
                "head": {
                    "y": -0.0,
                    "scaleX": 1.0,
                    "scaleZ": 1.0,
                    "scaleY": 1.0
                },
                "leftArm": {
                    "x": 5.0,
                    "y": 2.0,
                    "scaleX": 1.0,
                    "scaleZ": 1.0,
                    "scaleY": 1.0
                },
                "leftLeg": {
                    "x": 2.0,
                    "y": 12.0,
                    "scaleX": 1.0,
                    "scaleZ": 1.0,
                    "scaleY": 1.0
                },
                "rightArm": {
                    "x": -5.0,
                    "y": 2.0,
                    "scaleX": 1.0,
                    "scaleZ": 1.0,
                    "scaleY": 1.0
                },
                "rightLeg": {
                    "x": -2.0,
                    "y": 12.0,
                    "scaleX": 1.0,
                    "scaleZ": 1.0,
                    "scaleY": 1.0
                },
                "torso": {
                    "y": -0.0,
                    "scaleX": 1.0,
                    "scaleZ": 1.0,
                    "scaleY": 1.0
                },
                "rightItem": {
                    "x": 0.0,
                    "y": -1.1920928955078125e-07,
                    "z": 0.0,
                    "scaleX": 1.0,
                    "scaleY": 1.0,
                    "scaleZ": 1.0
                },
                "leftItem": {
                    "x": 0.0,
                    "z": 0.0,
                    "scaleX": 1.0,
                    "scaleY": 1.0,
                    "scaleZ": 1.0
                }
            },
            {
                "tick": 2,
                "body": {
                    "scaleZ": 0.3520648181438446
                },
                "head": {
                    "y": -0.0,
                    "scaleX": 1.0,
                    "scaleZ": 1.0,
                    "scaleY": 1.0
                },
                "leftArm": {
                    "x": 5.0,
                    "y": 2.0,
                    "scaleX": 1.0,
                    "scaleZ": 1.0,
                    "scaleY": 1.0
                },
                "leftLeg": {
                    "x": 2.0,
                    "y": 12.0,
                    "scaleX": 1.0,
                    "scaleZ": 1.0,
                    "scaleY": 1.0
                },
                "rightArm": {
                    "x": -5.0,
                    "y": 2.0,
                    "scaleX": 1.0,
                    "scaleZ": 1.0,
                    "scaleY": 1.0
                },
                "rightLeg": {
                    "x": -2.0,
                    "y": 12.0,
                    "scaleX": 1.0,
                    "scaleZ": 1.0,
                    "scaleY": 1.0
                },
                "torso": {
                    "y": -0.0,
                    "scaleX": 1.0,
                    "scaleZ": 1.0,
                    "scaleY": 1.0
                },
                "rightItem": {
                    "x": 0.0,
                    "y": 2.384185791015625e-07,
                    "z": 0.0,
                    "scaleX": 1.0,
                    "scaleY": 1.0,
                    "scaleZ": 1.0
                },
                "leftItem": {
                    "x": 0.0,
                    "z": 0.0,
                    "scaleX": 1.0,
                    "scaleY": 1.0,
                    "scaleZ": 1.0
                }
            },
            {
                "tick": 3,
                "body": {
                    "scaleZ": 0.10408961772918701
                },
                "head": {
                    "y": -0.0,
                    "scaleX": 1.0,
                    "scaleZ": 1.0,
                    "scaleY": 1.0
                },
                "leftArm": {
                    "x": 5.0,
                    "y": 2.0,
                    "scaleX": 1.0,
                    "scaleZ": 1.0,
                    "scaleY": 1.0
                },
                "leftLeg": {
                    "x": 2.0,
                    "y": 12.0,
                    "scaleX": 1.0,
                    "scaleZ": 1.0,
                    "scaleY": 1.0
                },
                "rightArm": {
                    "x": -5.0,
                    "y": 2.0,
                    "scaleX": 1.0,
                    "scaleZ": 1.0,
                    "scaleY": 1.0
                },
                "rightLeg": {
                    "x": -2.0,
                    "y": 12.0,
                    "scaleX": 1.0,
                    "scaleZ": 1.0,
                    "scaleY": 1.0
                },
                "torso": {
                    "y": -0.0,
                    "scaleX": 1.0,
                    "scaleZ": 1.0,
                    "scaleY": 1.0
                },
                "rightItem": {
                    "x": 0.0,
                    "y": 0.0,
                    "z": 0.0,
                    "scaleX": 1.0,
                    "scaleY": 1.0,
                    "scaleZ": 1.0
                },
                "leftItem": {
                    "x": 0.0,
                    "z": 0.0,
                    "scaleX": 1.0,
                    "scaleY": 1.0,
                    "scaleZ": 1.0
                }
            },
            {
                "tick": 4,
                "body": {
                    "scaleZ": 0.00010000000474974513
                },
                "head": {
                    "y": 9.5367431640625e-07,
                    "scaleX": 1.0,
                    "scaleZ": 1.0,
                    "scaleY": 1.0
                },
                "leftArm": {
                    "x": 5.0,
                    "y": 2.0000009536743164,
                    "scaleX": 1.0,
                    "scaleZ": 1.0,
                    "scaleY": 1.0
                },
                "leftLeg": {
                    "x": 2.0,
                    "scaleX": 1.0,
                    "scaleZ": 1.0,
                    "scaleY": 1.0
                },
                "rightArm": {
                    "x": -5.0,
                    "y": 2.0000009536743164,
                    "scaleX": 1.0,
                    "scaleZ": 1.0,
                    "scaleY": 1.0
                },
                "rightLeg": {
                    "x": -2.0,
                    "scaleX": 1.0,
                    "scaleZ": 1.0,
                    "scaleY": 1.0
                },
                "torso": {
                    "y": 9.5367431640625e-07,
                    "scaleX": 1.0,
                    "scaleZ": 1.0,
                    "scaleY": 1.0
                },
                "rightItem": {
                    "y": 0.0,
                    "z": 0.0,
                    "scaleX": 1.0,
                    "scaleY": 1.0,
                    "scaleZ": 1.0
                },
                "leftItem": {
                    "z": 0.0,
                    "scaleX": 1.0,
                    "scaleY": 1.0,
                    "scaleZ": 1.0
                }
            },
            {
                "tick": 5,
                "body": {
                    "scaleZ": 0.00010000000474974513
                },
                "head": {
                    "y": 9.5367431640625e-07,
                    "scaleX": 1.0,
                    "scaleZ": 1.0,
                    "scaleY": 1.0
                },
                "leftArm": {
                    "x": 5.0,
                    "y": 2.0000009536743164,
                    "scaleX": 1.0,
                    "scaleZ": 1.0,
                    "scaleY": 1.0
                },
                "leftLeg": {
                    "x": 2.0,
                    "scaleX": 1.0,
                    "scaleZ": 1.0,
                    "scaleY": 1.0
                },
                "rightArm": {
                    "x": -5.0,
                    "y": 2.0000009536743164,
                    "scaleX": 1.0,
                    "scaleZ": 1.0,
                    "scaleY": 1.0
                },
                "rightLeg": {
                    "x": -2.0,
                    "scaleX": 1.0,
                    "scaleZ": 1.0,
                    "scaleY": 1.0
                },
                "torso": {
                    "y": 9.5367431640625e-07,
                    "scaleX": 1.0,
                    "scaleZ": 1.0,
                    "scaleY": 1.0
                },
                "rightItem": {
                    "y": 0.0,
                    "z": 0.0,
                    "scaleX": 1.0,
                    "scaleY": 1.0,
                    "scaleZ": 1.0
                },
                "leftItem": {
                    "z": 0.0,
                    "scaleX": 1.0,
                    "scaleY": 1.0,
                    "scaleZ": 1.0
                }
            },
            {
                "tick": 6,
                "body": {
                    "scaleZ": 0.00010000000474974513
                },
                "head": {
                    "y": 9.5367431640625e-07,
                    "scaleX": 1.0,
                    "scaleZ": 1.0,
                    "scaleY": 1.0
                },
                "leftArm": {
                    "x": 5.0,
                    "y": 2.0000009536743164,
                    "scaleX": 1.0,
                    "scaleZ": 1.0,
                    "scaleY": 1.0
                },
                "leftLeg": {
                    "x": 2.0,
                    "scaleX": 1.0,
                    "scaleZ": 1.0,
                    "scaleY": 1.0
                },
                "rightArm": {
                    "x": -5.0,
                    "y": 2.0000009536743164,
                    "scaleX": 1.0,
                    "scaleZ": 1.0,
                    "scaleY": 1.0
                },
                "rightLeg": {
                    "x": -2.0,
                    "scaleX": 1.0,
                    "scaleZ": 1.0,
                    "scaleY": 1.0
                },
                "torso": {
                    "y": 9.5367431640625e-07,
                    "scaleX": 1.0,
                    "scaleZ": 1.0,
                    "scaleY": 1.0
                },
                "rightItem": {
                    "y": 0.0,
                    "z": 0.0,
                    "scaleX": 1.0,
                    "scaleY": 1.0,
                    "scaleZ": 1.0
                },
                "leftItem": {
                    "z": 0.0,
                    "scaleX": 1.0,
                    "scaleY": 1.0,
                    "scaleZ": 1.0
                }
            },
            {
                "tick": 7,
                "body": {
                    "scaleZ": 0.00010000000474974513
                },
                "head": {
                    "y": 9.5367431640625e-07,
                    "scaleX": 1.0,
                    "scaleZ": 1.0,
                    "scaleY": 1.0
                },
                "leftArm": {
                    "x": 5.0,
                    "y": 2.0000009536743164,
                    "scaleX": 1.0,
                    "scaleZ": 1.0,
                    "scaleY": 1.0
                },
                "leftLeg": {
                    "x": 2.0,
                    "scaleX": 1.0,
                    "scaleZ": 1.0,
                    "scaleY": 1.0
                },
                "rightArm": {
                    "x": -5.0,
                    "y": 2.0000009536743164,
                    "scaleX": 1.0,
                    "scaleZ": 1.0,
                    "scaleY": 1.0
                },
                "rightLeg": {
                    "x": -2.0,
                    "scaleX": 1.0,
                    "scaleZ": 1.0,
                    "scaleY": 1.0
                },
                "torso": {
                    "y": 9.5367431640625e-07,
                    "scaleX": 1.0,
                    "scaleZ": 1.0,
                    "scaleY": 1.0
                },
                "rightItem": {
                    "y": 0.0,
                    "z": 0.0,
                    "scaleX": 1.0,
                    "scaleY": 1.0,
                    "scaleZ": 1.0
                },
                "leftItem": {
                    "z": 0.0,
                    "scaleX": 1.0,
                    "scaleY": 1.0,
                    "scaleZ": 1.0
                }
            },
            {
                "tick": 8,
                "body": {
                    "scaleZ": 0.00010000000474974513
                },
                "head": {
                    "y": 9.5367431640625e-07,
                    "scaleX": 1.0,
                    "scaleZ": 1.0,
                    "scaleY": 1.0
                },
                "leftArm": {
                    "x": 5.0,
                    "y": 2.0000009536743164,
                    "scaleX": 1.0,
                    "scaleZ": 1.0,
                    "scaleY": 1.0
                },
                "leftLeg": {
                    "x": 2.0,
                    "scaleX": 1.0,
                    "scaleZ": 1.0,
                    "scaleY": 1.0
                },
                "rightArm": {
                    "x": -5.0,
                    "y": 2.0000009536743164,
                    "scaleX": 1.0,
                    "scaleZ": 1.0,
                    "scaleY": 1.0
                },
                "rightLeg": {
                    "x": -2.0,
                    "scaleX": 1.0,
                    "scaleZ": 1.0,
                    "scaleY": 1.0
                },
                "torso": {
                    "y": 9.5367431640625e-07,
                    "scaleX": 1.0,
                    "scaleZ": 1.0,
                    "scaleY": 1.0
                },
                "rightItem": {
                    "y": 0.0,
                    "z": 0.0,
                    "scaleX": 1.0,
                    "scaleY": 1.0,
                    "scaleZ": 1.0
                },
                "leftItem": {
                    "z": 0.0,
                    "scaleX": 1.0,
                    "scaleY": 1.0,
                    "scaleZ": 1.0
                }
            },
            {
                "tick": 9,
                "body": {
                    "yaw": 1.5099579897537296e-07,
                    "scaleZ": 0.00010000000474974513
                },
                "head": {
                    "y": 9.5367431640625e-07,
                    "scaleX": 1.0,
                    "scaleZ": 1.0,
                    "scaleY": 1.0
                },
                "leftArm": {
                    "x": 5.0,
                    "y": 2.0000009536743164,
                    "scaleX": 1.0,
                    "scaleZ": 1.0,
                    "scaleY": 1.0
                },
                "leftLeg": {
                    "x": 2.0,
                    "y": 12.000000953674316,
                    "scaleX": 1.0,
                    "scaleZ": 1.0,
                    "scaleY": 1.0
                },
                "rightArm": {
                    "x": -5.0,
                    "y": 2.0000009536743164,
                    "scaleX": 1.0,
                    "scaleZ": 1.0,
                    "scaleY": 1.0
                },
                "rightLeg": {
                    "x": -2.0,
                    "y": 12.000000953674316,
                    "scaleX": 1.0,
                    "scaleZ": 1.0,
                    "scaleY": 1.0
                },
                "torso": {
                    "y": 9.5367431640625e-07,
                    "scaleX": 1.0,
                    "scaleZ": 1.0,
                    "scaleY": 1.0
                },
                "rightItem": {
                    "x": -4.76837158203125e-07,
                    "y": 0.0,
                    "z": 0.0,
                    "scaleX": 1.0,
                    "scaleY": 1.0,
                    "scaleZ": 1.0
                },
                "leftItem": {
                    "x": 4.76837158203125e-07,
                    "z": 0.0,
                    "scaleX": 1.0,
                    "scaleY": 1.0,
                    "scaleZ": 1.0
                }
            }
        ]
    }
}