{
    "name": {
        "translate": "mineeemotes.emote.name.miemenasadness",
        "fallback": "ENA is sad"
    },
    "author": "MineEmotes",
    "description": {
        "translate": "mineeemotes.emote.description.miemenasadness",
        "fallback": "This one"
    },
    "emote": {
        "isLoop": "true",
        "returnTick": 3,
        "beginTick": 3,
        "endTick": 35,
        "stopTick": 36,
        "degrees": false,
        "moves": [
            {
                "tick": 1,
                "easing": "EASEINOUTQUAD",
                "turn": 0,
                "head": {
                    "y": -0.658721923828125
                }
            },
            {
                "tick": 2,
                "easing": "EASEINOUTQUAD",
                "turn": 0,
                "head": {
                    "y": -0.658721923828125
                }
            },
            {
                "tick": 3,
                "easing": "EASEINOUTQUAD",
                "turn": 0,
                "head": {
                    "y": -0.658721923828125
                }
            },
            {
                "tick": 7,
                "easing": "EASEINOUTQUAD",
                "turn": 0,
                "head": {
                    "y": -0.658721923828125
                }
            },
            {
                "tick": 8,
                "easing": "EASEINOUTQUAD",
                "turn": 0,
                "head": {
                    "y": -0.658721923828125
                }
            },
            {
                "tick": 11,
                "easing": "EASEINOUTQUAD",
                "turn": 0,
                "head": {
                    "y": -0.658721923828125
                }
            },
            {
                "tick": 12,
                "easing": "EASEINOUTQUAD",
                "turn": 0,
                "head": {
                    "y": -0.658721923828125
                }
            },
            {
                "tick": 15,
                "easing": "EASEINOUTQUAD",
                "turn": 0,
                "head": {
                    "y": -0.658721923828125
                }
            },
            {
                "tick": 16,
                "easing": "EASEINOUTQUAD",
                "turn": 0,
                "head": {
                    "y": -0.658721923828125
                }
            },
            {
                "tick": 19,
                "easing": "EASEINOUTQUAD",
                "turn": 0,
                "head": {
                    "y": -0.658721923828125
                }
            },
            {
                "tick": 20,
                "easing": "EASEINOUTQUAD",
                "turn": 0,
                "head": {
                    "y": -0.658721923828125
                }
            },
            {
                "tick": 23,
                "easing": "EASEINOUTQUAD",
                "turn": 0,
                "head": {
                    "y": -0.658721923828125
                }
            },
            {
                "tick": 24,
                "easing": "EASEINOUTQUAD",
                "turn": 0,
                "head": {
                    "y": -0.658721923828125
                }
            },
            {
                "tick": 27,
                "easing": "EASEINOUTQUAD",
                "turn": 0,
                "head": {
                    "y": -0.658721923828125
                }
            },
            {
                "tick": 28,
                "easing": "EASEINOUTQUAD",
                "turn": 0,
                "head": {
                    "y": -0.658721923828125
                }
            },
            {
                "tick": 31,
                "easing": "EASEINOUTQUAD",
                "turn": 0,
                "head": {
                    "y": -0.658721923828125
                }
            },
            {
                "tick": 32,
                "easing": "EASEINOUTQUAD",
                "turn": 0,
                "head": {
                    "y": -0.658721923828125
                }
            },
            {
                "tick": 35,
                "easing": "EASEINOUTQUAD",
                "turn": 0,
                "head": {
                    "y": -0.658721923828125
                }
            },
            {
                "tick": 1,
                "easing": "EASEINOUTQUAD",
                "turn": 0,
                "head": {
                    "z": 0.20501525700092316
                }
            },
            {
                "tick": 2,
                "easing": "EASEINOUTQUAD",
                "turn": 0,
                "head": {
                    "z": 0.20501525700092316
                }
            },
            {
                "tick": 3,
                "easing": "EASEINOUTQUAD",
                "turn": 0,
                "head": {
                    "z": 0.20501525700092316
                }
            },
            {
                "tick": 7,
                "easing": "EASEINOUTQUAD",
                "turn": 0,
                "head": {
                    "z": 0.20501525700092316
                }
            },
            {
                "tick": 8,
                "easing": "EASEINOUTQUAD",
                "turn": 0,
                "head": {
                    "z": 0.20501525700092316
                }
            },
            {
                "tick": 11,
                "easing": "EASEINOUTQUAD",
                "turn": 0,
                "head": {
                    "z": 0.20501525700092316
                }
            },
            {
                "tick": 12,
                "easing": "EASEINOUTQUAD",
                "turn": 0,
                "head": {
                    "z": 0.20501525700092316
                }
            },
            {
                "tick": 15,
                "easing": "EASEINOUTQUAD",
                "turn": 0,
                "head": {
                    "z": 0.20501525700092316
                }
            },
            {
                "tick": 16,
                "easing": "EASEINOUTQUAD",
                "turn": 0,
                "head": {
                    "z": 0.20501525700092316
                }
            },
            {
                "tick": 19,
                "easing": "EASEINOUTQUAD",
                "turn": 0,
                "head": {
                    "z": 0.20501525700092316
                }
            },
            {
                "tick": 20,
                "easing": "EASEINOUTQUAD",
                "turn": 0,
                "head": {
                    "z": 0.20501525700092316
                }
            },
            {
                "tick": 23,
                "easing": "EASEINOUTQUAD",
                "turn": 0,
                "head": {
                    "z": 0.20501525700092316
                }
            },
            {
                "tick": 24,
                "easing": "EASEINOUTQUAD",
                "turn": 0,
                "head": {
                    "z": 0.20501525700092316
                }
            },
            {
                "tick": 27,
                "easing": "EASEINOUTQUAD",
                "turn": 0,
                "head": {
                    "z": 0.20501525700092316
                }
            },
            {
                "tick": 28,
                "easing": "EASEINOUTQUAD",
                "turn": 0,
                "head": {
                    "z": 0.20501525700092316
                }
            },
            {
                "tick": 31,
                "easing": "EASEINOUTQUAD",
                "turn": 0,
                "head": {
                    "z": 0.20501525700092316
                }
            },
            {
                "tick": 32,
                "easing": "EASEINOUTQUAD",
                "turn": 0,
                "head": {
                    "z": 0.20501525700092316
                }
            },
            {
                "tick": 35,
                "easing": "EASEINOUTQUAD",
                "turn": 0,
                "head": {
                    "z": 0.20501525700092316
                }
            },
            {
                "tick": 1,
                "easing": "EASEINOUTQUAD",
                "turn": 0,
                "head": {
                    "x": -0.0
                }
            },
            {
                "tick": 2,
                "easing": "EASEINOUTQUAD",
                "turn": 0,
                "head": {
                    "x": -0.0
                }
            },
            {
                "tick": 3,
                "easing": "EASEINOUTQUAD",
                "turn": 0,
                "head": {
                    "x": -0.0
                }
            },
            {
                "tick": 7,
                "easing": "EASEINOUTQUAD",
                "turn": 0,
                "head": {
                    "x": -0.0
                }
            },
            {
                "tick": 8,
                "easing": "EASEINOUTQUAD",
                "turn": 0,
                "head": {
                    "x": -0.0
                }
            },
            {
                "tick": 11,
                "easing": "EASEINOUTQUAD",
                "turn": 0,
                "head": {
                    "x": -0.0
                }
            },
            {
                "tick": 12,
                "easing": "EASEINOUTQUAD",
                "turn": 0,
                "head": {
                    "x": -0.0
                }
            },
            {
                "tick": 15,
                "easing": "EASEINOUTQUAD",
                "turn": 0,
                "head": {
                    "x": -0.0
                }
            },
            {
                "tick": 16,
                "easing": "EASEINOUTQUAD",
                "turn": 0,
                "head": {
                    "x": -0.0
                }
            },
            {
                "tick": 19,
                "easing": "EASEINOUTQUAD",
                "turn": 0,
                "head": {
                    "x": -0.0
                }
            },
            {
                "tick": 20,
                "easing": "EASEINOUTQUAD",
                "turn": 0,
                "head": {
                    "x": -0.0
                }
            },
            {
                "tick": 23,
                "easing": "EASEINOUTQUAD",
                "turn": 0,
                "head": {
                    "x": -0.0
                }
            },
            {
                "tick": 24,
                "easing": "EASEINOUTQUAD",
                "turn": 0,
                "head": {
                    "x": -0.0
                }
            },
            {
                "tick": 27,
                "easing": "EASEINOUTQUAD",
                "turn": 0,
                "head": {
                    "x": -0.0
                }
            },
            {
                "tick": 28,
                "easing": "EASEINOUTQUAD",
                "turn": 0,
                "head": {
                    "x": -0.0
                }
            },
            {
                "tick": 31,
                "easing": "EASEINOUTQUAD",
                "turn": 0,
                "head": {
                    "x": -0.0
                }
            },
            {
                "tick": 32,
                "easing": "EASEINOUTQUAD",
                "turn": 0,
                "head": {
                    "x": -0.0
                }
            },
            {
                "tick": 35,
                "easing": "EASEINOUTQUAD",
                "turn": 0,
                "head": {
                    "x": -0.0
                }
            },
            {
                "tick": 1,
                "easing": "EASEINOUTQUAD",
                "turn": 0,
                "head": {
                    "yaw": -0.2340819090604782
                }
            },
            {
                "tick": 2,
                "easing": "EASEINOUTQUAD",
                "turn": 0,
                "head": {
                    "yaw": -0.2340819090604782
                }
            },
            {
                "tick": 3,
                "easing": "EASEINOUTQUAD",
                "turn": 0,
                "head": {
                    "yaw": -0.3342706859111786
                }
            },
            {
                "tick": 7,
                "easing": "EASEINOUTQUAD",
                "turn": 0,
                "head": {
                    "yaw": 0.043260056525468826
                }
            },
            {
                "tick": 8,
                "easing": "EASEINOUTQUAD",
                "turn": 0,
                "head": {
                    "yaw": 0.043260056525468826
                }
            },
            {
                "tick": 11,
                "easing": "EASEINOUTQUAD",
                "turn": 0,
                "head": {
                    "yaw": 0.3342706859111786
                }
            },
            {
                "tick": 12,
                "easing": "EASEINOUTQUAD",
                "turn": 0,
                "head": {
                    "yaw": 0.33427155017852783
                }
            },
            {
                "tick": 15,
                "easing": "EASEINOUTQUAD",
                "turn": 0,
                "head": {
                    "yaw": 0.043260056525468826
                }
            },
            {
                "tick": 16,
                "easing": "EASEINOUTQUAD",
                "turn": 0,
                "head": {
                    "yaw": 0.043260056525468826
                }
            },
            {
                "tick": 19,
                "easing": "EASEINOUTQUAD",
                "turn": 0,
                "head": {
                    "yaw": -0.3342706859111786
                }
            },
            {
                "tick": 20,
                "easing": "EASEINOUTQUAD",
                "turn": 0,
                "head": {
                    "yaw": -0.3342706859111786
                }
            },
            {
                "tick": 23,
                "easing": "EASEINOUTQUAD",
                "turn": 0,
                "head": {
                    "yaw": 0.043260056525468826
                }
            },
            {
                "tick": 24,
                "easing": "EASEINOUTQUAD",
                "turn": 0,
                "head": {
                    "yaw": 0.043260056525468826
                }
            },
            {
                "tick": 27,
                "easing": "EASEINOUTQUAD",
                "turn": 0,
                "head": {
                    "yaw": 0.33427155017852783
                }
            },
            {
                "tick": 28,
                "easing": "EASEINOUTQUAD",
                "turn": 0,
                "head": {
                    "yaw": 0.33427155017852783
                }
            },
            {
                "tick": 31,
                "easing": "EASEINOUTQUAD",
                "turn": 0,
                "head": {
                    "yaw": 0.043260056525468826
                }
            },
            {
                "tick": 32,
                "easing": "EASEINOUTQUAD",
                "turn": 0,
                "head": {
                    "yaw": 0.043260056525468826
                }
            },
            {
                "tick": 35,
                "easing": "EASEINOUTQUAD",
                "turn": 0,
                "head": {
                    "yaw": -0.3342706859111786
                }
            },
            {
                "tick": 1,
                "easing": "EASEINOUTQUAD",
                "turn": 0,
                "head": {
                    "roll": 0.07428251951932907
                }
            },
            {
                "tick": 2,
                "easing": "EASEINOUTQUAD",
                "turn": 0,
                "head": {
                    "roll": 0.07428251951932907
                }
            },
            {
                "tick": 3,
                "easing": "EASEINOUTQUAD",
                "turn": 0,
                "head": {
                    "roll": 0.16493894159793854
                }
            },
            {
                "tick": 7,
                "easing": "EASEINOUTQUAD",
                "turn": 0,
                "head": {
                    "roll": -0.0036274734884500504
                }
            },
            {
                "tick": 8,
                "easing": "EASEINOUTQUAD",
                "turn": 0,
                "head": {
                    "roll": -0.0036274734884500504
                }
            },
            {
                "tick": 11,
                "easing": "EASEINOUTQUAD",
                "turn": 0,
                "head": {
                    "roll": -0.10830386728048325
                }
            },
            {
                "tick": 12,
                "easing": "EASEINOUTQUAD",
                "turn": 0,
                "head": {
                    "roll": -0.10830386728048325
                }
            },
            {
                "tick": 15,
                "easing": "EASEINOUTQUAD",
                "turn": 0,
                "head": {
                    "roll": -0.0036274734884500504
                }
            },
            {
                "tick": 16,
                "easing": "EASEINOUTQUAD",
                "turn": 0,
                "head": {
                    "roll": -0.0036274734884500504
                }
            },
            {
                "tick": 19,
                "easing": "EASEINOUTQUAD",
                "turn": 0,
                "head": {
                    "roll": 0.16493894159793854
                }
            },
            {
                "tick": 20,
                "easing": "EASEINOUTQUAD",
                "turn": 0,
                "head": {
                    "roll": 0.16493894159793854
                }
            },
            {
                "tick": 23,
                "easing": "EASEINOUTQUAD",
                "turn": 0,
                "head": {
                    "roll": -0.0036274734884500504
                }
            },
            {
                "tick": 24,
                "easing": "EASEINOUTQUAD",
                "turn": 0,
                "head": {
                    "roll": -0.0036274734884500504
                }
            },
            {
                "tick": 27,
                "easing": "EASEINOUTQUAD",
                "turn": 0,
                "head": {
                    "roll": -0.10830386728048325
                }
            },
            {
                "tick": 28,
                "easing": "EASEINOUTQUAD",
                "turn": 0,
                "head": {
                    "roll": -0.10830386728048325
                }
            },
            {
                "tick": 31,
                "easing": "EASEINOUTQUAD",
                "turn": 0,
                "head": {
                    "roll": -0.0036274734884500504
                }
            },
            {
                "tick": 32,
                "easing": "EASEINOUTQUAD",
                "turn": 0,
                "head": {
                    "roll": -0.0036274734884500504
                }
            },
            {
                "tick": 35,
                "easing": "EASEINOUTQUAD",
                "turn": 0,
                "head": {
                    "roll": 0.16493894159793854
                }
            },
            {
                "tick": 1,
                "easing": "EASEINOUTQUAD",
                "turn": 0,
                "head": {
                    "pitch": -0.1398741751909256
                }
            },
            {
                "tick": 2,
                "easing": "EASEINOUTQUAD",
                "turn": 0,
                "head": {
                    "pitch": -0.1398741751909256
                }
            },
            {
                "tick": 3,
                "easing": "EASEINOUTQUAD",
                "turn": 0,
                "head": {
                    "pitch": -0.1720632165670395
                }
            },
            {
                "tick": 7,
                "easing": "EASEINOUTQUAD",
                "turn": 0,
                "head": {
                    "pitch": -0.1465788036584854
                }
            },
            {
                "tick": 8,
                "easing": "EASEINOUTQUAD",
                "turn": 0,
                "head": {
                    "pitch": -0.1465788036584854
                }
            },
            {
                "tick": 11,
                "easing": "EASEINOUTQUAD",
                "turn": 0,
                "head": {
                    "pitch": -0.14942552149295807
                }
            },
            {
                "tick": 12,
                "easing": "EASEINOUTQUAD",
                "turn": 0,
                "head": {
                    "pitch": -0.14942552149295807
                }
            },
            {
                "tick": 15,
                "easing": "EASEINOUTQUAD",
                "turn": 0,
                "head": {
                    "pitch": -0.1465788036584854
                }
            },
            {
                "tick": 16,
                "easing": "EASEINOUTQUAD",
                "turn": 0,
                "head": {
                    "pitch": -0.1465788036584854
                }
            },
            {
                "tick": 19,
                "easing": "EASEINOUTQUAD",
                "turn": 0,
                "head": {
                    "pitch": -0.1720632165670395
                }
            },
            {
                "tick": 20,
                "easing": "EASEINOUTQUAD",
                "turn": 0,
                "head": {
                    "pitch": -0.1720632165670395
                }
            },
            {
                "tick": 23,
                "easing": "EASEINOUTQUAD",
                "turn": 0,
                "head": {
                    "pitch": -0.1465788036584854
                }
            },
            {
                "tick": 24,
                "easing": "EASEINOUTQUAD",
                "turn": 0,
                "head": {
                    "pitch": -0.1465788036584854
                }
            },
            {
                "tick": 27,
                "easing": "EASEINOUTQUAD",
                "turn": 0,
                "head": {
                    "pitch": -0.14942552149295807
                }
            },
            {
                "tick": 28,
                "easing": "EASEINOUTQUAD",
                "turn": 0,
                "head": {
                    "pitch": -0.14942552149295807
                }
            },
            {
                "tick": 31,
                "easing": "EASEINOUTQUAD",
                "turn": 0,
                "head": {
                    "pitch": -0.1465788036584854
                }
            },
            {
                "tick": 32,
                "easing": "EASEINOUTQUAD",
                "turn": 0,
                "head": {
                    "pitch": -0.1465788036584854
                }
            },
            {
                "tick": 35,
                "easing": "EASEINOUTQUAD",
                "turn": 0,
                "head": {
                    "pitch": -0.1720632165670395
                }
            },
            {
                "tick": 1,
                "easing": "EASEINOUTQUAD",
                "turn": 0,
                "torso": {
                    "yaw": 0.0
                }
            },
            {
                "tick": 3,
                "easing": "EASEINOUTQUAD",
                "turn": 0,
                "torso": {
                    "yaw": 0.0
                }
            },
            {
                "tick": 1,
                "easing": "EASEINOUTQUAD",
                "turn": 0,
                "torso": {
                    "roll": -0.0
                }
            },
            {
                "tick": 3,
                "easing": "EASEINOUTQUAD",
                "turn": 0,
                "torso": {
                    "roll": -0.0
                }
            },
            {
                "tick": 1,
                "easing": "EASEINOUTQUAD",
                "turn": 0,
                "torso": {
                    "pitch": -1.8725254535675049
                }
            },
            {
                "tick": 3,
                "easing": "EASEINOUTQUAD",
                "turn": 0,
                "torso": {
                    "pitch": -1.8725254535675049
                }
            },
            {
                "tick": 1,
                "easing": "EASEINOUTQUAD",
                "turn": 0,
                "torso": {
                    "y": -0.21591632068157196
                }
            },
            {
                "tick": 3,
                "easing": "EASEINOUTQUAD",
                "turn": 0,
                "torso": {
                    "y": -0.21591632068157196
                }
            },
            {
                "tick": 1,
                "easing": "EASEINOUTQUAD",
                "turn": 0,
                "torso": {
                    "x": 0.0
                }
            },
            {
                "tick": 3,
                "easing": "EASEINOUTQUAD",
                "turn": 0,
                "torso": {
                    "x": 0.0
                }
            },
            {
                "tick": 1,
                "easing": "EASEINOUTQUAD",
                "turn": 0,
                "torso": {
                    "z": 0.291479229927063
                }
            },
            {
                "tick": 3,
                "easing": "EASEINOUTQUAD",
                "turn": 0,
                "torso": {
                    "z": 0.291479229927063
                }
            },
            {
                "tick": 1,
                "easing": "EASEINOUTQUAD",
                "turn": 0,
                "rightArm": {
                    "yaw": -0.05368458479642868
                }
            },
            {
                "tick": 3,
                "easing": "EASEINOUTQUAD",
                "turn": 0,
                "rightArm": {
                    "yaw": -0.05368458479642868
                }
            },
            {
                "tick": 1,
                "easing": "EASEINOUTQUAD",
                "turn": 0,
                "rightArm": {
                    "roll": -0.17352604866027832
                }
            },
            {
                "tick": 3,
                "easing": "EASEINOUTQUAD",
                "turn": 0,
                "rightArm": {
                    "roll": -0.17352604866027832
                }
            },
            {
                "tick": 1,
                "easing": "EASEINOUTQUAD",
                "turn": 0,
                "rightArm": {
                    "y": 2.0
                }
            },
            {
                "tick": 3,
                "easing": "EASEINOUTQUAD",
                "turn": 0,
                "rightArm": {
                    "y": 2.0
                }
            },
            {
                "tick": 1,
                "easing": "EASEINOUTQUAD",
                "turn": 0,
                "rightArm": {
                    "z": -1.2189226517023144e-08
                }
            },
            {
                "tick": 3,
                "easing": "EASEINOUTQUAD",
                "turn": 0,
                "rightArm": {
                    "z": -1.2189226517023144e-08
                }
            },
            {
                "tick": 1,
                "easing": "EASEINOUTQUAD",
                "turn": 0,
                "rightArm": {
                    "x": -5.73201322555542
                }
            },
            {
                "tick": 3,
                "easing": "EASEINOUTQUAD",
                "turn": 0,
                "rightArm": {
                    "x": -5.73201322555542
                }
            },
            {
                "tick": 1,
                "easing": "EASEINOUTQUAD",
                "turn": 0,
                "rightArm": {
                    "pitch": -0.4719986915588379
                }
            },
            {
                "tick": 3,
                "easing": "EASEINOUTQUAD",
                "turn": 0,
                "rightArm": {
                    "pitch": -0.4719986915588379
                }
            },
            {
                "tick": 1,
                "easing": "EASEINOUTQUAD",
                "turn": 0,
                "leftArm": {
                    "roll": 0.12954802811145782
                }
            },
            {
                "tick": 3,
                "easing": "EASEINOUTQUAD",
                "turn": 0,
                "leftArm": {
                    "roll": 0.12954802811145782
                }
            },
            {
                "tick": 1,
                "easing": "EASEINOUTQUAD",
                "turn": 0,
                "leftArm": {
                    "yaw": 0.04018513858318329
                }
            },
            {
                "tick": 3,
                "easing": "EASEINOUTQUAD",
                "turn": 0,
                "leftArm": {
                    "yaw": 0.04018513858318329
                }
            },
            {
                "tick": 1,
                "easing": "EASEINOUTQUAD",
                "turn": 0,
                "leftArm": {
                    "pitch": -0.44488954544067383
                }
            },
            {
                "tick": 3,
                "easing": "EASEINOUTQUAD",
                "turn": 0,
                "leftArm": {
                    "pitch": -0.44488954544067383
                }
            },
            {
                "tick": 1,
                "easing": "EASEINOUTQUAD",
                "turn": 0,
                "leftArm": {
                    "y": 1.7254362106323242
                }
            },
            {
                "tick": 3,
                "easing": "EASEINOUTQUAD",
                "turn": 0,
                "leftArm": {
                    "y": 1.7254362106323242
                }
            },
            {
                "tick": 1,
                "easing": "EASEINOUTQUAD",
                "turn": 0,
                "leftArm": {
                    "z": 0.0854528620839119
                }
            },
            {
                "tick": 3,
                "easing": "EASEINOUTQUAD",
                "turn": 0,
                "leftArm": {
                    "z": 0.0854528620839119
                }
            },
            {
                "tick": 1,
                "easing": "EASEINOUTQUAD",
                "turn": 0,
                "leftArm": {
                    "x": 5.558525562286377
                }
            },
            {
                "tick": 3,
                "easing": "EASEINOUTQUAD",
                "turn": 0,
                "leftArm": {
                    "x": 5.558525562286377
                }
            },
            {
                "tick": 1,
                "easing": "EASEINOUTQUAD",
                "turn": 0,
                "rightLeg": {
                    "yaw": -0.0
                }
            },
            {
                "tick": 3,
                "easing": "EASEINOUTQUAD",
                "turn": 0,
                "rightLeg": {
                    "yaw": -0.0
                }
            },
            {
                "tick": 1,
                "easing": "EASEINOUTQUAD",
                "turn": 0,
                "rightLeg": {
                    "roll": -0.0
                }
            },
            {
                "tick": 3,
                "easing": "EASEINOUTQUAD",
                "turn": 0,
                "rightLeg": {
                    "roll": -0.0
                }
            },
            {
                "tick": 1,
                "easing": "EASEINOUTQUAD",
                "turn": 0,
                "rightLeg": {
                    "pitch": -1.9225493669509888
                }
            },
            {
                "tick": 3,
                "easing": "EASEINOUTQUAD",
                "turn": 0,
                "rightLeg": {
                    "pitch": -1.9225493669509888
                }
            },
            {
                "tick": 1,
                "easing": "EASEINOUTQUAD",
                "turn": 0,
                "rightLeg": {
                    "x": -1.9
                }
            },
            {
                "tick": 3,
                "easing": "EASEINOUTQUAD",
                "turn": 0,
                "rightLeg": {
                    "x": -1.9
                }
            },
            {
                "tick": 1,
                "easing": "EASEINOUTQUAD",
                "turn": 0,
                "rightLeg": {
                    "y": 11.475550591945648
                }
            },
            {
                "tick": 3,
                "easing": "EASEINOUTQUAD",
                "turn": 0,
                "rightLeg": {
                    "y": 11.475550591945648
                }
            },
            {
                "tick": 1,
                "easing": "EASEINOUTQUAD",
                "turn": 0,
                "rightLeg": {
                    "z": -0.18910189867019653
                }
            },
            {
                "tick": 3,
                "easing": "EASEINOUTQUAD",
                "turn": 0,
                "rightLeg": {
                    "z": -0.18910189867019653
                }
            },
            {
                "tick": 1,
                "easing": "EASEINOUTQUAD",
                "turn": 0,
                "rightLeg": {
                    "bend": 1.5707963705062866
                }
            },
            {
                "tick": 3,
                "easing": "EASEINOUTQUAD",
                "turn": 0,
                "rightLeg": {
                    "bend": 1.5707963705062866
                }
            },
            {
                "tick": 1,
                "easing": "EASEINOUTQUAD",
                "turn": 0,
                "leftLeg": {
                    "yaw": -0.0
                }
            },
            {
                "tick": 3,
                "easing": "EASEINOUTQUAD",
                "turn": 0,
                "leftLeg": {
                    "yaw": -0.0
                }
            },
            {
                "tick": 1,
                "easing": "EASEINOUTQUAD",
                "turn": 0,
                "leftLeg": {
                    "roll": -0.0
                }
            },
            {
                "tick": 3,
                "easing": "EASEINOUTQUAD",
                "turn": 0,
                "leftLeg": {
                    "roll": -0.0
                }
            },
            {
                "tick": 1,
                "easing": "EASEINOUTQUAD",
                "turn": 0,
                "leftLeg": {
                    "pitch": -1.9225493669509888
                }
            },
            {
                "tick": 3,
                "easing": "EASEINOUTQUAD",
                "turn": 0,
                "leftLeg": {
                    "pitch": -1.9225493669509888
                }
            },
            {
                "tick": 1,
                "easing": "EASEINOUTQUAD",
                "turn": 0,
                "leftLeg": {
                    "y": 11.475550591945648
                }
            },
            {
                "tick": 3,
                "easing": "EASEINOUTQUAD",
                "turn": 0,
                "leftLeg": {
                    "y": 11.475550591945648
                }
            },
            {
                "tick": 1,
                "easing": "EASEINOUTQUAD",
                "turn": 0,
                "leftLeg": {
                    "z": -0.3891018986701965
                }
            },
            {
                "tick": 3,
                "easing": "EASEINOUTQUAD",
                "turn": 0,
                "leftLeg": {
                    "z": -0.3891018986701965
                }
            },
            {
                "tick": 1,
                "easing": "EASEINOUTQUAD",
                "turn": 0,
                "leftLeg": {
                    "x": 1.9
                }
            },
            {
                "tick": 3,
                "easing": "EASEINOUTQUAD",
                "turn": 0,
                "leftLeg": {
                    "x": 1.9
                }
            },
            {
                "tick": 1,
                "easing": "EASEINOUTQUAD",
                "turn": 0,
                "leftLeg": {
                    "bend": 1.5707963705062866
                }
            },
            {
                "tick": 3,
                "easing": "EASEINOUTQUAD",
                "turn": 0,
                "leftLeg": {
                    "bend": 1.5707963705062866
                }
            }
        ]
    }
}