{
    "name": {
        "translate": "mineeemotes.emote.name.miemenabodylanguagev2",
        "fallback": "ENA Body language B2"
    },
    "author": "MineEmotes",
    "description": {
        "translate": "mineeemotes.emote.description.miemenabodylanguagev2",
        "fallback": "This one"
    },
    "emote": {
        "isLoop": "true",
        "returnTick": 3,
        "beginTick": 3,
        "endTick": 45,
        "stopTick": 46,
        "degrees": false,
        "moves": [
            {
                "tick": 3,
                "easing": "EASEINOUTQUAD",
                "turn": 0,
                "head": {
                    "y": -0.5453090667724609
                }
            },
            {
                "tick": 3,
                "easing": "EASEINOUTQUAD",
                "turn": 0,
                "head": {
                    "z": -0.0
                }
            },
            {
                "tick": 3,
                "easing": "EASEINOUTQUAD",
                "turn": 0,
                "head": {
                    "x": -0.0
                }
            },
            {
                "tick": 3,
                "easing": "EASEINOUTQUAD",
                "turn": 0,
                "head": {
                    "yaw": -0.0
                }
            },
            {
                "tick": 3,
                "easing": "EASEINOUTQUAD",
                "turn": 0,
                "head": {
                    "roll": -0.0
                }
            },
            {
                "tick": 3,
                "easing": "EASEINOUTQUAD",
                "turn": 0,
                "head": {
                    "pitch": -0.0
                }
            },
            {
                "tick": 3,
                "easing": "EASEINOUTQUAD",
                "turn": 0,
                "rightArm": {
                    "yaw": 1.6189645528793335
                }
            },
            {
                "tick": 5,
                "easing": "EASEINOUTQUAD",
                "turn": 0,
                "rightArm": {
                    "yaw": 1.6189645528793335
                }
            },
            {
                "tick": 10,
                "easing": "EASEINOUTQUAD",
                "turn": 0,
                "rightArm": {
                    "yaw": 0.0717620700597763
                }
            },
            {
                "tick": 12,
                "easing": "EASEINOUTQUAD",
                "turn": 0,
                "rightArm": {
                    "yaw": 0.0717620700597763
                }
            },
            {
                "tick": 17,
                "easing": "EASEINOUTQUAD",
                "turn": 0,
                "rightArm": {
                    "yaw": -0.18416553735733032
                }
            },
            {
                "tick": 19,
                "easing": "EASEINOUTQUAD",
                "turn": 0,
                "rightArm": {
                    "yaw": -0.18416553735733032
                }
            },
            {
                "tick": 24,
                "easing": "EASEINOUTQUAD",
                "turn": 0,
                "rightArm": {
                    "yaw": 1.6189645528793335
                }
            },
            {
                "tick": 26,
                "easing": "EASEINOUTQUAD",
                "turn": 0,
                "rightArm": {
                    "yaw": 1.6189645528793335
                }
            },
            {
                "tick": 31,
                "easing": "EASEINOUTQUAD",
                "turn": 0,
                "rightArm": {
                    "yaw": 0.0717620700597763
                }
            },
            {
                "tick": 33,
                "easing": "EASEINOUTQUAD",
                "turn": 0,
                "rightArm": {
                    "yaw": 0.0717620700597763
                }
            },
            {
                "tick": 38,
                "easing": "EASEINOUTQUAD",
                "turn": 0,
                "rightArm": {
                    "yaw": -0.18416553735733032
                }
            },
            {
                "tick": 40,
                "easing": "EASEINOUTQUAD",
                "turn": 0,
                "rightArm": {
                    "yaw": -0.18416553735733032
                }
            },
            {
                "tick": 45,
                "easing": "EASEINOUTQUAD",
                "turn": 0,
                "rightArm": {
                    "yaw": 1.6189645528793335
                }
            },
            {
                "tick": 3,
                "easing": "EASEINOUTQUAD",
                "turn": 0,
                "rightArm": {
                    "roll": -0.11185625940561295
                }
            },
            {
                "tick": 5,
                "easing": "EASEINOUTQUAD",
                "turn": 0,
                "rightArm": {
                    "roll": -0.11185625940561295
                }
            },
            {
                "tick": 10,
                "easing": "EASEINOUTQUAD",
                "turn": 0,
                "rightArm": {
                    "roll": -0.1463191956281662
                }
            },
            {
                "tick": 12,
                "easing": "EASEINOUTQUAD",
                "turn": 0,
                "rightArm": {
                    "roll": -0.1463191956281662
                }
            },
            {
                "tick": 17,
                "easing": "EASEINOUTQUAD",
                "turn": 0,
                "rightArm": {
                    "roll": 1.0876883268356323
                }
            },
            {
                "tick": 19,
                "easing": "EASEINOUTQUAD",
                "turn": 0,
                "rightArm": {
                    "roll": 1.0876883268356323
                }
            },
            {
                "tick": 24,
                "easing": "EASEINOUTQUAD",
                "turn": 0,
                "rightArm": {
                    "roll": -0.11185625940561295
                }
            },
            {
                "tick": 26,
                "easing": "EASEINOUTQUAD",
                "turn": 0,
                "rightArm": {
                    "roll": -0.11185625940561295
                }
            },
            {
                "tick": 31,
                "easing": "EASEINOUTQUAD",
                "turn": 0,
                "rightArm": {
                    "roll": -0.1463191956281662
                }
            },
            {
                "tick": 33,
                "easing": "EASEINOUTQUAD",
                "turn": 0,
                "rightArm": {
                    "roll": -0.1463191956281662
                }
            },
            {
                "tick": 38,
                "easing": "EASEINOUTQUAD",
                "turn": 0,
                "rightArm": {
                    "roll": 1.0876883268356323
                }
            },
            {
                "tick": 40,
                "easing": "EASEINOUTQUAD",
                "turn": 0,
                "rightArm": {
                    "roll": 1.0876883268356323
                }
            },
            {
                "tick": 45,
                "easing": "EASEINOUTQUAD",
                "turn": 0,
                "rightArm": {
                    "roll": -0.11185625940561295
                }
            },
            {
                "tick": 3,
                "easing": "EASEINOUTQUAD",
                "turn": 0,
                "rightArm": {
                    "y": -4.365114212036133
                }
            },
            {
                "tick": 5,
                "easing": "EASEINOUTQUAD",
                "turn": 0,
                "rightArm": {
                    "y": -4.365114212036133
                }
            },
            {
                "tick": 10,
                "easing": "EASEINOUTQUAD",
                "turn": 0,
                "rightArm": {
                    "y": 3.1155529022216797
                }
            },
            {
                "tick": 12,
                "easing": "EASEINOUTQUAD",
                "turn": 0,
                "rightArm": {
                    "y": 3.1155529022216797
                }
            },
            {
                "tick": 17,
                "easing": "EASEINOUTQUAD",
                "turn": 0,
                "rightArm": {
                    "y": 3.1155529022216797
                }
            },
            {
                "tick": 19,
                "easing": "EASEINOUTQUAD",
                "turn": 0,
                "rightArm": {
                    "y": 3.1155529022216797
                }
            },
            {
                "tick": 24,
                "easing": "EASEINOUTQUAD",
                "turn": 0,
                "rightArm": {
                    "y": -4.365114212036133
                }
            },
            {
                "tick": 26,
                "easing": "EASEINOUTQUAD",
                "turn": 0,
                "rightArm": {
                    "y": -4.365114212036133
                }
            },
            {
                "tick": 31,
                "easing": "EASEINOUTQUAD",
                "turn": 0,
                "rightArm": {
                    "y": 3.1155529022216797
                }
            },
            {
                "tick": 33,
                "easing": "EASEINOUTQUAD",
                "turn": 0,
                "rightArm": {
                    "y": 3.1155529022216797
                }
            },
            {
                "tick": 38,
                "easing": "EASEINOUTQUAD",
                "turn": 0,
                "rightArm": {
                    "y": 3.1155529022216797
                }
            },
            {
                "tick": 40,
                "easing": "EASEINOUTQUAD",
                "turn": 0,
                "rightArm": {
                    "y": 3.1155529022216797
                }
            },
            {
                "tick": 45,
                "easing": "EASEINOUTQUAD",
                "turn": 0,
                "rightArm": {
                    "y": -4.365114212036133
                }
            },
            {
                "tick": 3,
                "easing": "EASEINOUTQUAD",
                "turn": 0,
                "rightArm": {
                    "z": -1.1729189175468946e-08
                }
            },
            {
                "tick": 5,
                "easing": "EASEINOUTQUAD",
                "turn": 0,
                "rightArm": {
                    "z": -1.1729189175468946e-08
                }
            },
            {
                "tick": 10,
                "easing": "EASEINOUTQUAD",
                "turn": 0,
                "rightArm": {
                    "z": -1.1729189175468946e-08
                }
            },
            {
                "tick": 12,
                "easing": "EASEINOUTQUAD",
                "turn": 0,
                "rightArm": {
                    "z": -1.1729189175468946e-08
                }
            },
            {
                "tick": 17,
                "easing": "EASEINOUTQUAD",
                "turn": 0,
                "rightArm": {
                    "z": -5.984070777893066
                }
            },
            {
                "tick": 19,
                "easing": "EASEINOUTQUAD",
                "turn": 0,
                "rightArm": {
                    "z": -5.984070777893066
                }
            },
            {
                "tick": 24,
                "easing": "EASEINOUTQUAD",
                "turn": 0,
                "rightArm": {
                    "z": -1.1729189175468946e-08
                }
            },
            {
                "tick": 26,
                "easing": "EASEINOUTQUAD",
                "turn": 0,
                "rightArm": {
                    "z": -1.1729189175468946e-08
                }
            },
            {
                "tick": 31,
                "easing": "EASEINOUTQUAD",
                "turn": 0,
                "rightArm": {
                    "z": -1.1729189175468946e-08
                }
            },
            {
                "tick": 33,
                "easing": "EASEINOUTQUAD",
                "turn": 0,
                "rightArm": {
                    "z": -1.1729189175468946e-08
                }
            },
            {
                "tick": 38,
                "easing": "EASEINOUTQUAD",
                "turn": 0,
                "rightArm": {
                    "z": -5.984070777893066
                }
            },
            {
                "tick": 40,
                "easing": "EASEINOUTQUAD",
                "turn": 0,
                "rightArm": {
                    "z": -5.984070777893066
                }
            },
            {
                "tick": 45,
                "easing": "EASEINOUTQUAD",
                "turn": 0,
                "rightArm": {
                    "z": -1.1729189175468946e-08
                }
            },
            {
                "tick": 3,
                "easing": "EASEINOUTQUAD",
                "turn": 0,
                "rightArm": {
                    "x": -7.496223449707031
                }
            },
            {
                "tick": 5,
                "easing": "EASEINOUTQUAD",
                "turn": 0,
                "rightArm": {
                    "x": -7.496223449707031
                }
            },
            {
                "tick": 10,
                "easing": "EASEINOUTQUAD",
                "turn": 0,
                "rightArm": {
                    "x": -7.496223449707031
                }
            },
            {
                "tick": 12,
                "easing": "EASEINOUTQUAD",
                "turn": 0,
                "rightArm": {
                    "x": -7.496223449707031
                }
            },
            {
                "tick": 17,
                "easing": "EASEINOUTQUAD",
                "turn": 0,
                "rightArm": {
                    "x": -2.2315869331359863
                }
            },
            {
                "tick": 19,
                "easing": "EASEINOUTQUAD",
                "turn": 0,
                "rightArm": {
                    "x": -2.2315869331359863
                }
            },
            {
                "tick": 24,
                "easing": "EASEINOUTQUAD",
                "turn": 0,
                "rightArm": {
                    "x": -7.496223449707031
                }
            },
            {
                "tick": 26,
                "easing": "EASEINOUTQUAD",
                "turn": 0,
                "rightArm": {
                    "x": -7.496223449707031
                }
            },
            {
                "tick": 31,
                "easing": "EASEINOUTQUAD",
                "turn": 0,
                "rightArm": {
                    "x": -7.496223449707031
                }
            },
            {
                "tick": 33,
                "easing": "EASEINOUTQUAD",
                "turn": 0,
                "rightArm": {
                    "x": -7.496223449707031
                }
            },
            {
                "tick": 38,
                "easing": "EASEINOUTQUAD",
                "turn": 0,
                "rightArm": {
                    "x": -2.2315869331359863
                }
            },
            {
                "tick": 40,
                "easing": "EASEINOUTQUAD",
                "turn": 0,
                "rightArm": {
                    "x": -2.2315869331359863
                }
            },
            {
                "tick": 45,
                "easing": "EASEINOUTQUAD",
                "turn": 0,
                "rightArm": {
                    "x": -7.496223449707031
                }
            },
            {
                "tick": 3,
                "easing": "EASEINOUTQUAD",
                "turn": 0,
                "rightArm": {
                    "pitch": -2.8959479331970215
                }
            },
            {
                "tick": 5,
                "easing": "EASEINOUTQUAD",
                "turn": 0,
                "rightArm": {
                    "pitch": -2.8959479331970215
                }
            },
            {
                "tick": 10,
                "easing": "EASEINOUTQUAD",
                "turn": 0,
                "rightArm": {
                    "pitch": -1.4143908023834229
                }
            },
            {
                "tick": 12,
                "easing": "EASEINOUTQUAD",
                "turn": 0,
                "rightArm": {
                    "pitch": -1.4143908023834229
                }
            },
            {
                "tick": 17,
                "easing": "EASEINOUTQUAD",
                "turn": 0,
                "rightArm": {
                    "pitch": -2.581342935562134
                }
            },
            {
                "tick": 19,
                "easing": "EASEINOUTQUAD",
                "turn": 0,
                "rightArm": {
                    "pitch": -2.581342935562134
                }
            },
            {
                "tick": 24,
                "easing": "EASEINOUTQUAD",
                "turn": 0,
                "rightArm": {
                    "pitch": -2.8959479331970215
                }
            },
            {
                "tick": 26,
                "easing": "EASEINOUTQUAD",
                "turn": 0,
                "rightArm": {
                    "pitch": -2.8959479331970215
                }
            },
            {
                "tick": 31,
                "easing": "EASEINOUTQUAD",
                "turn": 0,
                "rightArm": {
                    "pitch": -1.4143908023834229
                }
            },
            {
                "tick": 33,
                "easing": "EASEINOUTQUAD",
                "turn": 0,
                "rightArm": {
                    "pitch": -1.4143908023834229
                }
            },
            {
                "tick": 38,
                "easing": "EASEINOUTQUAD",
                "turn": 0,
                "rightArm": {
                    "pitch": -2.581342935562134
                }
            },
            {
                "tick": 40,
                "easing": "EASEINOUTQUAD",
                "turn": 0,
                "rightArm": {
                    "pitch": -2.581342935562134
                }
            },
            {
                "tick": 45,
                "easing": "EASEINOUTQUAD",
                "turn": 0,
                "rightArm": {
                    "pitch": -2.8959479331970215
                }
            },
            {
                "tick": 3,
                "easing": "EASEINOUTQUAD",
                "turn": 0,
                "rightArm": {
                    "bend": -1.5685099363327026
                }
            },
            {
                "tick": 5,
                "easing": "EASEINOUTQUAD",
                "turn": 0,
                "rightArm": {
                    "bend": -1.5685099363327026
                }
            },
            {
                "tick": 10,
                "easing": "EASEINOUTQUAD",
                "turn": 0,
                "rightArm": {
                    "bend": -1.5685099363327026
                }
            },
            {
                "tick": 12,
                "easing": "EASEINOUTQUAD",
                "turn": 0,
                "rightArm": {
                    "bend": -1.5685099363327026
                }
            },
            {
                "tick": 17,
                "easing": "EASEINOUTQUAD",
                "turn": 0,
                "rightArm": {
                    "bend": -0.6561046242713928
                }
            },
            {
                "tick": 19,
                "easing": "EASEINOUTQUAD",
                "turn": 0,
                "rightArm": {
                    "bend": -0.6561046242713928
                }
            },
            {
                "tick": 24,
                "easing": "EASEINOUTQUAD",
                "turn": 0,
                "rightArm": {
                    "bend": -1.5685099363327026
                }
            },
            {
                "tick": 26,
                "easing": "EASEINOUTQUAD",
                "turn": 0,
                "rightArm": {
                    "bend": -1.5685099363327026
                }
            },
            {
                "tick": 31,
                "easing": "EASEINOUTQUAD",
                "turn": 0,
                "rightArm": {
                    "bend": -1.5685099363327026
                }
            },
            {
                "tick": 33,
                "easing": "EASEINOUTQUAD",
                "turn": 0,
                "rightArm": {
                    "bend": -1.5685099363327026
                }
            },
            {
                "tick": 38,
                "easing": "EASEINOUTQUAD",
                "turn": 0,
                "rightArm": {
                    "bend": -0.6561046242713928
                }
            },
            {
                "tick": 40,
                "easing": "EASEINOUTQUAD",
                "turn": 0,
                "rightArm": {
                    "bend": -0.6561046242713928
                }
            },
            {
                "tick": 45,
                "easing": "EASEINOUTQUAD",
                "turn": 0,
                "rightArm": {
                    "bend": -1.5685099363327026
                }
            },
            {
                "tick": 3,
                "easing": "EASEINOUTQUAD",
                "turn": 0,
                "leftArm": {
                    "roll": -0.10972902178764343
                }
            },
            {
                "tick": 5,
                "easing": "EASEINOUTQUAD",
                "turn": 0,
                "leftArm": {
                    "roll": -0.10972902178764343
                }
            },
            {
                "tick": 10,
                "easing": "EASEINOUTQUAD",
                "turn": 0,
                "leftArm": {
                    "roll": -4.143050193786621
                }
            },
            {
                "tick": 12,
                "easing": "EASEINOUTQUAD",
                "turn": 0,
                "leftArm": {
                    "roll": -4.143050193786621
                }
            },
            {
                "tick": 17,
                "easing": "EASEINOUTQUAD",
                "turn": 0,
                "leftArm": {
                    "roll": -6.661318302154541
                }
            },
            {
                "tick": 19,
                "easing": "EASEINOUTQUAD",
                "turn": 0,
                "leftArm": {
                    "roll": -6.661318302154541
                }
            },
            {
                "tick": 20,
                "easing": "EASEINOUTQUAD",
                "turn": 0,
                "leftArm": {
                    "roll": -6.044491767883301
                }
            },
            {
                "tick": 21,
                "easing": "EASEINOUTQUAD",
                "turn": 0,
                "leftArm": {
                    "roll": -6.426858425140381
                }
            },
            {
                "tick": 22,
                "easing": "EASEINOUTQUAD",
                "turn": 0,
                "leftArm": {
                    "roll": -6.231173038482666
                }
            },
            {
                "tick": 23,
                "easing": "EASEINOUTQUAD",
                "turn": 0,
                "leftArm": {
                    "roll": -0.09960134327411652
                }
            },
            {
                "tick": 24,
                "easing": "EASEINOUTQUAD",
                "turn": 0,
                "leftArm": {
                    "roll": -0.10972902178764343
                }
            },
            {
                "tick": 26,
                "easing": "EASEINOUTQUAD",
                "turn": 0,
                "leftArm": {
                    "roll": -0.10972902178764343
                }
            },
            {
                "tick": 31,
                "easing": "EASEINOUTQUAD",
                "turn": 0,
                "leftArm": {
                    "roll": -4.143050193786621
                }
            },
            {
                "tick": 33,
                "easing": "EASEINOUTQUAD",
                "turn": 0,
                "leftArm": {
                    "roll": -4.143050193786621
                }
            },
            {
                "tick": 38,
                "easing": "EASEINOUTQUAD",
                "turn": 0,
                "leftArm": {
                    "roll": -6.661318302154541
                }
            },
            {
                "tick": 40,
                "easing": "EASEINOUTQUAD",
                "turn": 0,
                "leftArm": {
                    "roll": -6.661318302154541
                }
            },
            {
                "tick": 41,
                "easing": "EASEINOUTQUAD",
                "turn": 0,
                "leftArm": {
                    "roll": -6.044491767883301
                }
            },
            {
                "tick": 42,
                "easing": "EASEINOUTQUAD",
                "turn": 0,
                "leftArm": {
                    "roll": -6.426858425140381
                }
            },
            {
                "tick": 43,
                "easing": "EASEINOUTQUAD",
                "turn": 0,
                "leftArm": {
                    "roll": -6.231173038482666
                }
            },
            {
                "tick": 44,
                "easing": "EASEINOUTQUAD",
                "turn": 0,
                "leftArm": {
                    "roll": -0.09960134327411652
                }
            },
            {
                "tick": 45,
                "easing": "EASEINOUTQUAD",
                "turn": 0,
                "leftArm": {
                    "roll": -0.10972902178764343
                }
            },
            {
                "tick": 3,
                "easing": "EASEINOUTQUAD",
                "turn": 0,
                "leftArm": {
                    "yaw": 0.14274123311042786
                }
            },
            {
                "tick": 5,
                "easing": "EASEINOUTQUAD",
                "turn": 0,
                "leftArm": {
                    "yaw": 0.14274123311042786
                }
            },
            {
                "tick": 10,
                "easing": "EASEINOUTQUAD",
                "turn": 0,
                "leftArm": {
                    "yaw": -1.477986454963684
                }
            },
            {
                "tick": 12,
                "easing": "EASEINOUTQUAD",
                "turn": 0,
                "leftArm": {
                    "yaw": -1.477986454963684
                }
            },
            {
                "tick": 17,
                "easing": "EASEINOUTQUAD",
                "turn": 0,
                "leftArm": {
                    "yaw": -0.026941580697894096
                }
            },
            {
                "tick": 19,
                "easing": "EASEINOUTQUAD",
                "turn": 0,
                "leftArm": {
                    "yaw": -0.026941580697894096
                }
            },
            {
                "tick": 20,
                "easing": "EASEINOUTQUAD",
                "turn": 0,
                "leftArm": {
                    "yaw": -0.1890554279088974
                }
            },
            {
                "tick": 21,
                "easing": "EASEINOUTQUAD",
                "turn": 0,
                "leftArm": {
                    "yaw": -0.04980932176113129
                }
            },
            {
                "tick": 22,
                "easing": "EASEINOUTQUAD",
                "turn": 0,
                "leftArm": {
                    "yaw": -0.12810304760932922
                }
            },
            {
                "tick": 23,
                "easing": "EASEINOUTQUAD",
                "turn": 0,
                "leftArm": {
                    "yaw": 0.07265270501375198
                }
            },
            {
                "tick": 24,
                "easing": "EASEINOUTQUAD",
                "turn": 0,
                "leftArm": {
                    "yaw": 0.14274123311042786
                }
            },
            {
                "tick": 26,
                "easing": "EASEINOUTQUAD",
                "turn": 0,
                "leftArm": {
                    "yaw": 0.14274123311042786
                }
            },
            {
                "tick": 31,
                "easing": "EASEINOUTQUAD",
                "turn": 0,
                "leftArm": {
                    "yaw": -1.477986454963684
                }
            },
            {
                "tick": 33,
                "easing": "EASEINOUTQUAD",
                "turn": 0,
                "leftArm": {
                    "yaw": -1.477986454963684
                }
            },
            {
                "tick": 38,
                "easing": "EASEINOUTQUAD",
                "turn": 0,
                "leftArm": {
                    "yaw": -0.026941580697894096
                }
            },
            {
                "tick": 40,
                "easing": "EASEINOUTQUAD",
                "turn": 0,
                "leftArm": {
                    "yaw": -0.026941580697894096
                }
            },
            {
                "tick": 41,
                "easing": "EASEINOUTQUAD",
                "turn": 0,
                "leftArm": {
                    "yaw": -0.1890554279088974
                }
            },
            {
                "tick": 42,
                "easing": "EASEINOUTQUAD",
                "turn": 0,
                "leftArm": {
                    "yaw": -0.04980932176113129
                }
            },
            {
                "tick": 43,
                "easing": "EASEINOUTQUAD",
                "turn": 0,
                "leftArm": {
                    "yaw": -0.12810304760932922
                }
            },
            {
                "tick": 44,
                "easing": "EASEINOUTQUAD",
                "turn": 0,
                "leftArm": {
                    "yaw": 0.07265270501375198
                }
            },
            {
                "tick": 45,
                "easing": "EASEINOUTQUAD",
                "turn": 0,
                "leftArm": {
                    "yaw": 0.14274123311042786
                }
            },
            {
                "tick": 3,
                "easing": "EASEINOUTQUAD",
                "turn": 0,
                "leftArm": {
                    "pitch": -1.3127144575119019
                }
            },
            {
                "tick": 5,
                "easing": "EASEINOUTQUAD",
                "turn": 0,
                "leftArm": {
                    "pitch": -1.3127144575119019
                }
            },
            {
                "tick": 10,
                "easing": "EASEINOUTQUAD",
                "turn": 0,
                "leftArm": {
                    "pitch": 0.959241509437561
                }
            },
            {
                "tick": 12,
                "easing": "EASEINOUTQUAD",
                "turn": 0,
                "leftArm": {
                    "pitch": 0.959241509437561
                }
            },
            {
                "tick": 17,
                "easing": "EASEINOUTQUAD",
                "turn": 0,
                "leftArm": {
                    "pitch": 3.561600685119629
                }
            },
            {
                "tick": 19,
                "easing": "EASEINOUTQUAD",
                "turn": 0,
                "leftArm": {
                    "pitch": 3.561600685119629
                }
            },
            {
                "tick": 20,
                "easing": "EASEINOUTQUAD",
                "turn": 0,
                "leftArm": {
                    "pitch": 3.682609796524048
                }
            },
            {
                "tick": 21,
                "easing": "EASEINOUTQUAD",
                "turn": 0,
                "leftArm": {
                    "pitch": 3.693575382232666
                }
            },
            {
                "tick": 22,
                "easing": "EASEINOUTQUAD",
                "turn": 0,
                "leftArm": {
                    "pitch": 4.197617530822754
                }
            },
            {
                "tick": 23,
                "easing": "EASEINOUTQUAD",
                "turn": 0,
                "leftArm": {
                    "pitch": -1.1352025270462036
                }
            },
            {
                "tick": 24,
                "easing": "EASEINOUTQUAD",
                "turn": 0,
                "leftArm": {
                    "pitch": -1.3127144575119019
                }
            },
            {
                "tick": 26,
                "easing": "EASEINOUTQUAD",
                "turn": 0,
                "leftArm": {
                    "pitch": -1.3127144575119019
                }
            },
            {
                "tick": 31,
                "easing": "EASEINOUTQUAD",
                "turn": 0,
                "leftArm": {
                    "pitch": 0.959241509437561
                }
            },
            {
                "tick": 33,
                "easing": "EASEINOUTQUAD",
                "turn": 0,
                "leftArm": {
                    "pitch": 0.959241509437561
                }
            },
            {
                "tick": 38,
                "easing": "EASEINOUTQUAD",
                "turn": 0,
                "leftArm": {
                    "pitch": 3.561600685119629
                }
            },
            {
                "tick": 40,
                "easing": "EASEINOUTQUAD",
                "turn": 0,
                "leftArm": {
                    "pitch": 3.561600685119629
                }
            },
            {
                "tick": 41,
                "easing": "EASEINOUTQUAD",
                "turn": 0,
                "leftArm": {
                    "pitch": 3.682609796524048
                }
            },
            {
                "tick": 42,
                "easing": "EASEINOUTQUAD",
                "turn": 0,
                "leftArm": {
                    "pitch": 3.693575382232666
                }
            },
            {
                "tick": 43,
                "easing": "EASEINOUTQUAD",
                "turn": 0,
                "leftArm": {
                    "pitch": 4.197617530822754
                }
            },
            {
                "tick": 44,
                "easing": "EASEINOUTQUAD",
                "turn": 0,
                "leftArm": {
                    "pitch": -1.1352025270462036
                }
            },
            {
                "tick": 45,
                "easing": "EASEINOUTQUAD",
                "turn": 0,
                "leftArm": {
                    "pitch": -1.3127144575119019
                }
            },
            {
                "tick": 3,
                "easing": "EASEINOUTQUAD",
                "turn": 0,
                "leftArm": {
                    "y": 2.0
                }
            },
            {
                "tick": 5,
                "easing": "EASEINOUTQUAD",
                "turn": 0,
                "leftArm": {
                    "y": 2.0
                }
            },
            {
                "tick": 10,
                "easing": "EASEINOUTQUAD",
                "turn": 0,
                "leftArm": {
                    "y": -6.423500061035156
                }
            },
            {
                "tick": 12,
                "easing": "EASEINOUTQUAD",
                "turn": 0,
                "leftArm": {
                    "y": -6.423500061035156
                }
            },
            {
                "tick": 17,
                "easing": "EASEINOUTQUAD",
                "turn": 0,
                "leftArm": {
                    "y": 1.8044614791870117
                }
            },
            {
                "tick": 19,
                "easing": "EASEINOUTQUAD",
                "turn": 0,
                "leftArm": {
                    "y": 1.8044614791870117
                }
            },
            {
                "tick": 20,
                "easing": "EASEINOUTQUAD",
                "turn": 0,
                "leftArm": {
                    "y": 1.642568588256836
                }
            },
            {
                "tick": 21,
                "easing": "EASEINOUTQUAD",
                "turn": 0,
                "leftArm": {
                    "y": 1.1949834823608398
                }
            },
            {
                "tick": 22,
                "easing": "EASEINOUTQUAD",
                "turn": 0,
                "leftArm": {
                    "y": 0.5188436508178711
                }
            },
            {
                "tick": 23,
                "easing": "EASEINOUTQUAD",
                "turn": 0,
                "leftArm": {
                    "y": -0.32871150970458984
                }
            },
            {
                "tick": 24,
                "easing": "EASEINOUTQUAD",
                "turn": 0,
                "leftArm": {
                    "y": 2.0
                }
            },
            {
                "tick": 26,
                "easing": "EASEINOUTQUAD",
                "turn": 0,
                "leftArm": {
                    "y": 2.0
                }
            },
            {
                "tick": 31,
                "easing": "EASEINOUTQUAD",
                "turn": 0,
                "leftArm": {
                    "y": -6.423500061035156
                }
            },
            {
                "tick": 33,
                "easing": "EASEINOUTQUAD",
                "turn": 0,
                "leftArm": {
                    "y": -6.423500061035156
                }
            },
            {
                "tick": 38,
                "easing": "EASEINOUTQUAD",
                "turn": 0,
                "leftArm": {
                    "y": 1.8044614791870117
                }
            },
            {
                "tick": 40,
                "easing": "EASEINOUTQUAD",
                "turn": 0,
                "leftArm": {
                    "y": 1.8044614791870117
                }
            },
            {
                "tick": 41,
                "easing": "EASEINOUTQUAD",
                "turn": 0,
                "leftArm": {
                    "y": 1.642568588256836
                }
            },
            {
                "tick": 42,
                "easing": "EASEINOUTQUAD",
                "turn": 0,
                "leftArm": {
                    "y": 1.1949834823608398
                }
            },
            {
                "tick": 43,
                "easing": "EASEINOUTQUAD",
                "turn": 0,
                "leftArm": {
                    "y": 0.5188436508178711
                }
            },
            {
                "tick": 44,
                "easing": "EASEINOUTQUAD",
                "turn": 0,
                "leftArm": {
                    "y": -0.32871150970458984
                }
            },
            {
                "tick": 45,
                "easing": "EASEINOUTQUAD",
                "turn": 0,
                "leftArm": {
                    "y": 2.0
                }
            },
            {
                "tick": 3,
                "easing": "EASEINOUTQUAD",
                "turn": 0,
                "leftArm": {
                    "z": -0.0
                }
            },
            {
                "tick": 5,
                "easing": "EASEINOUTQUAD",
                "turn": 0,
                "leftArm": {
                    "z": -0.0
                }
            },
            {
                "tick": 10,
                "easing": "EASEINOUTQUAD",
                "turn": 0,
                "leftArm": {
                    "z": -0.0
                }
            },
            {
                "tick": 12,
                "easing": "EASEINOUTQUAD",
                "turn": 0,
                "leftArm": {
                    "z": -0.0
                }
            },
            {
                "tick": 17,
                "easing": "EASEINOUTQUAD",
                "turn": 0,
                "leftArm": {
                    "z": -4.4479660987854
                }
            },
            {
                "tick": 19,
                "easing": "EASEINOUTQUAD",
                "turn": 0,
                "leftArm": {
                    "z": -4.4479660987854
                }
            },
            {
                "tick": 20,
                "easing": "EASEINOUTQUAD",
                "turn": 0,
                "leftArm": {
                    "z": -3.985377311706543
                }
            },
            {
                "tick": 21,
                "easing": "EASEINOUTQUAD",
                "turn": 0,
                "leftArm": {
                    "z": -2.8822813034057617
                }
            },
            {
                "tick": 22,
                "easing": "EASEINOUTQUAD",
                "turn": 0,
                "leftArm": {
                    "z": -1.5656836032867432
                }
            },
            {
                "tick": 23,
                "easing": "EASEINOUTQUAD",
                "turn": 0,
                "leftArm": {
                    "z": -0.46258845925331116
                }
            },
            {
                "tick": 24,
                "easing": "EASEINOUTQUAD",
                "turn": 0,
                "leftArm": {
                    "z": -0.0
                }
            },
            {
                "tick": 26,
                "easing": "EASEINOUTQUAD",
                "turn": 0,
                "leftArm": {
                    "z": -0.0
                }
            },
            {
                "tick": 31,
                "easing": "EASEINOUTQUAD",
                "turn": 0,
                "leftArm": {
                    "z": -0.0
                }
            },
            {
                "tick": 33,
                "easing": "EASEINOUTQUAD",
                "turn": 0,
                "leftArm": {
                    "z": -0.0
                }
            },
            {
                "tick": 38,
                "easing": "EASEINOUTQUAD",
                "turn": 0,
                "leftArm": {
                    "z": -4.4479660987854
                }
            },
            {
                "tick": 40,
                "easing": "EASEINOUTQUAD",
                "turn": 0,
                "leftArm": {
                    "z": -4.4479660987854
                }
            },
            {
                "tick": 41,
                "easing": "EASEINOUTQUAD",
                "turn": 0,
                "leftArm": {
                    "z": -3.985377311706543
                }
            },
            {
                "tick": 42,
                "easing": "EASEINOUTQUAD",
                "turn": 0,
                "leftArm": {
                    "z": -2.8822813034057617
                }
            },
            {
                "tick": 43,
                "easing": "EASEINOUTQUAD",
                "turn": 0,
                "leftArm": {
                    "z": -1.5656836032867432
                }
            },
            {
                "tick": 44,
                "easing": "EASEINOUTQUAD",
                "turn": 0,
                "leftArm": {
                    "z": -0.46258845925331116
                }
            },
            {
                "tick": 45,
                "easing": "EASEINOUTQUAD",
                "turn": 0,
                "leftArm": {
                    "z": -0.0
                }
            },
            {
                "tick": 3,
                "easing": "EASEINOUTQUAD",
                "turn": 0,
                "leftArm": {
                    "x": 5.464691162109375
                }
            },
            {
                "tick": 5,
                "easing": "EASEINOUTQUAD",
                "turn": 0,
                "leftArm": {
                    "x": 5.464691162109375
                }
            },
            {
                "tick": 10,
                "easing": "EASEINOUTQUAD",
                "turn": 0,
                "leftArm": {
                    "x": 5.464691162109375
                }
            },
            {
                "tick": 12,
                "easing": "EASEINOUTQUAD",
                "turn": 0,
                "leftArm": {
                    "x": 5.464691162109375
                }
            },
            {
                "tick": 17,
                "easing": "EASEINOUTQUAD",
                "turn": 0,
                "leftArm": {
                    "x": 1.3827052116394043
                }
            },
            {
                "tick": 19,
                "easing": "EASEINOUTQUAD",
                "turn": 0,
                "leftArm": {
                    "x": 1.3827052116394043
                }
            },
            {
                "tick": 20,
                "easing": "EASEINOUTQUAD",
                "turn": 0,
                "leftArm": {
                    "x": 1.4630221128463745
                }
            },
            {
                "tick": 21,
                "easing": "EASEINOUTQUAD",
                "turn": 0,
                "leftArm": {
                    "x": 1.685074806213379
                }
            },
            {
                "tick": 22,
                "easing": "EASEINOUTQUAD",
                "turn": 0,
                "leftArm": {
                    "x": 2.0205159187316895
                }
            },
            {
                "tick": 23,
                "easing": "EASEINOUTQUAD",
                "turn": 0,
                "leftArm": {
                    "x": 2.4409985542297363
                }
            },
            {
                "tick": 24,
                "easing": "EASEINOUTQUAD",
                "turn": 0,
                "leftArm": {
                    "x": 5.464691162109375
                }
            },
            {
                "tick": 26,
                "easing": "EASEINOUTQUAD",
                "turn": 0,
                "leftArm": {
                    "x": 5.464691162109375
                }
            },
            {
                "tick": 31,
                "easing": "EASEINOUTQUAD",
                "turn": 0,
                "leftArm": {
                    "x": 5.464691162109375
                }
            },
            {
                "tick": 33,
                "easing": "EASEINOUTQUAD",
                "turn": 0,
                "leftArm": {
                    "x": 5.464691162109375
                }
            },
            {
                "tick": 38,
                "easing": "EASEINOUTQUAD",
                "turn": 0,
                "leftArm": {
                    "x": 1.3827052116394043
                }
            },
            {
                "tick": 40,
                "easing": "EASEINOUTQUAD",
                "turn": 0,
                "leftArm": {
                    "x": 1.3827052116394043
                }
            },
            {
                "tick": 41,
                "easing": "EASEINOUTQUAD",
                "turn": 0,
                "leftArm": {
                    "x": 1.4630221128463745
                }
            },
            {
                "tick": 42,
                "easing": "EASEINOUTQUAD",
                "turn": 0,
                "leftArm": {
                    "x": 1.685074806213379
                }
            },
            {
                "tick": 43,
                "easing": "EASEINOUTQUAD",
                "turn": 0,
                "leftArm": {
                    "x": 2.0205159187316895
                }
            },
            {
                "tick": 44,
                "easing": "EASEINOUTQUAD",
                "turn": 0,
                "leftArm": {
                    "x": 2.4409985542297363
                }
            },
            {
                "tick": 45,
                "easing": "EASEINOUTQUAD",
                "turn": 0,
                "leftArm": {
                    "x": 5.464691162109375
                }
            },
            {
                "tick": 3,
                "easing": "EASEINOUTQUAD",
                "turn": 0,
                "leftArm": {
                    "bend": -1.8976293802261353
                }
            },
            {
                "tick": 5,
                "easing": "EASEINOUTQUAD",
                "turn": 0,
                "leftArm": {
                    "bend": -1.8976293802261353
                }
            },
            {
                "tick": 10,
                "easing": "EASEINOUTQUAD",
                "turn": 0,
                "leftArm": {
                    "bend": -1.5267932415008545
                }
            },
            {
                "tick": 12,
                "easing": "EASEINOUTQUAD",
                "turn": 0,
                "leftArm": {
                    "bend": -1.5267932415008545
                }
            },
            {
                "tick": 17,
                "easing": "EASEINOUTQUAD",
                "turn": 0,
                "leftArm": {
                    "bend": -0.5232139825820923
                }
            },
            {
                "tick": 19,
                "easing": "EASEINOUTQUAD",
                "turn": 0,
                "leftArm": {
                    "bend": -0.5232139825820923
                }
            },
            {
                "tick": 24,
                "easing": "EASEINOUTQUAD",
                "turn": 0,
                "leftArm": {
                    "bend": -1.8976293802261353
                }
            },
            {
                "tick": 26,
                "easing": "EASEINOUTQUAD",
                "turn": 0,
                "leftArm": {
                    "bend": -1.8976293802261353
                }
            },
            {
                "tick": 31,
                "easing": "EASEINOUTQUAD",
                "turn": 0,
                "leftArm": {
                    "bend": -1.5267932415008545
                }
            },
            {
                "tick": 33,
                "easing": "EASEINOUTQUAD",
                "turn": 0,
                "leftArm": {
                    "bend": -1.5267932415008545
                }
            },
            {
                "tick": 38,
                "easing": "EASEINOUTQUAD",
                "turn": 0,
                "leftArm": {
                    "bend": -0.5232139825820923
                }
            },
            {
                "tick": 40,
                "easing": "EASEINOUTQUAD",
                "turn": 0,
                "leftArm": {
                    "bend": -0.5232139825820923
                }
            },
            {
                "tick": 45,
                "easing": "EASEINOUTQUAD",
                "turn": 0,
                "leftArm": {
                    "bend": -1.8976293802261353
                }
            }
        ]
    }
}