{
    "name": {
        "translate": "mineeemotes.emote.name.miemboobssword",
        "fallback": "get a sword from Boobs"
    },
    "author": "MineEmotes",
    "description": {
        "translate": "mineeemotes.emote.description.miemboobssword",
        "fallback": "ooo"
    },
    "emote": {
        "isLoop": "false",
        "returnTick": 3,
        "beginTick": 3,
        "endTick": 30,
        "stopTick": 31,
        "degrees": false,
        "moves": [
            {
                "tick": 10,
                "easing": "EASEINOUTQUAD",
                "turn": 0,
                "rightArm": {
                    "yaw": -0.002118330914527178
                }
            },
            {
                "tick": 20,
                "easing": "EASEINOUTQUAD",
                "turn": 0,
                "rightArm": {
                    "yaw": 0.07320452481508255
                }
            },
            {
                "tick": 25,
                "easing": "EASEINOUTQUAD",
                "turn": 0,
                "rightArm": {
                    "yaw": -0.0
                }
            },
            {
                "tick": 10,
                "easing": "EASEINOUTQUAD",
                "turn": 0,
                "rightArm": {
                    "roll": 1.58415949344635
                }
            },
            {
                "tick": 20,
                "easing": "EASEINOUTQUAD",
                "turn": 0,
                "rightArm": {
                    "roll": 0.6255214214324951
                }
            },
            {
                "tick": 25,
                "easing": "EASEINOUTQUAD",
                "turn": 0,
                "rightArm": {
                    "roll": -0.0
                }
            },
            {
                "tick": 10,
                "easing": "EASEINOUTQUAD",
                "turn": 0,
                "rightArm": {
                    "y": 3.3267202377319336
                }
            },
            {
                "tick": 20,
                "easing": "EASEINOUTQUAD",
                "turn": 0,
                "rightArm": {
                    "y": 1.8535423278808594
                }
            },
            {
                "tick": 25,
                "easing": "EASEINOUTQUAD",
                "turn": 0,
                "rightArm": {
                    "y": 2.0
                }
            },
            {
                "tick": 10,
                "easing": "EASEINOUTQUAD",
                "turn": 0,
                "rightArm": {
                    "z": 6.17802475844087e-10
                }
            },
            {
                "tick": 20,
                "easing": "EASEINOUTQUAD",
                "turn": 0,
                "rightArm": {
                    "z": -1.1070032119750977
                }
            },
            {
                "tick": 25,
                "easing": "EASEINOUTQUAD",
                "turn": 0,
                "rightArm": {
                    "z": -0.0
                }
            },
            {
                "tick": 10,
                "easing": "EASEINOUTQUAD",
                "turn": 0,
                "rightArm": {
                    "x": -5.0
                }
            },
            {
                "tick": 20,
                "easing": "EASEINOUTQUAD",
                "turn": 0,
                "rightArm": {
                    "x": -5.0
                }
            },
            {
                "tick": 25,
                "easing": "EASEINOUTQUAD",
                "turn": 0,
                "rightArm": {
                    "x": -5.0
                }
            },
            {
                "tick": 10,
                "easing": "EASEINOUTQUAD",
                "turn": 0,
                "rightArm": {
                    "pitch": -1.9046649932861328
                }
            },
            {
                "tick": 20,
                "easing": "EASEINOUTQUAD",
                "turn": 0,
                "rightArm": {
                    "pitch": -1.65903639793396
                }
            },
            {
                "tick": 25,
                "easing": "EASEINOUTQUAD",
                "turn": 0,
                "rightArm": {
                    "pitch": -0.0
                }
            },
            {
                "tick": 10,
                "easing": "EASEINOUTQUAD",
                "turn": 0,
                "rightArm": {
                    "bend": -1.383797526359558
                }
            },
            {
                "tick": 25,
                "easing": "EASEINOUTQUAD",
                "turn": 0,
                "rightArm": {
                    "bend": -0.0
                }
            },
            {
                "tick": 3,
                "easing": "EASEINOUTQUAD",
                "turn": 0,
                "leftArm": {
                    "roll": -1.6494135856628418
                }
            },
            {
                "tick": 20,
                "easing": "EASEINOUTQUAD",
                "turn": 0,
                "leftArm": {
                    "roll": -1.6494135856628418
                }
            },
            {
                "tick": 30,
                "easing": "EASEINOUTQUAD",
                "turn": 0,
                "leftArm": {
                    "roll": 0.0
                }
            },
            {
                "tick": 3,
                "easing": "EASEINOUTQUAD",
                "turn": 0,
                "leftArm": {
                    "yaw": 1.0328339338302612
                }
            },
            {
                "tick": 20,
                "easing": "EASEINOUTQUAD",
                "turn": 0,
                "leftArm": {
                    "yaw": 1.0328339338302612
                }
            },
            {
                "tick": 30,
                "easing": "EASEINOUTQUAD",
                "turn": 0,
                "leftArm": {
                    "yaw": -0.0
                }
            },
            {
                "tick": 3,
                "easing": "EASEINOUTQUAD",
                "turn": 0,
                "leftArm": {
                    "pitch": -1.8216302394866943
                }
            },
            {
                "tick": 20,
                "easing": "EASEINOUTQUAD",
                "turn": 0,
                "leftArm": {
                    "pitch": -1.8216302394866943
                }
            },
            {
                "tick": 30,
                "easing": "EASEINOUTQUAD",
                "turn": 0,
                "leftArm": {
                    "pitch": 0.0
                }
            },
            {
                "tick": 3,
                "easing": "EASEINOUTQUAD",
                "turn": 0,
                "leftArm": {
                    "y": 2.575014114379883
                }
            },
            {
                "tick": 20,
                "easing": "EASEINOUTQUAD",
                "turn": 0,
                "leftArm": {
                    "y": 3.2016754150390625
                }
            },
            {
                "tick": 30,
                "easing": "EASEINOUTQUAD",
                "turn": 0,
                "leftArm": {
                    "y": 2.0
                }
            },
            {
                "tick": 3,
                "easing": "EASEINOUTQUAD",
                "turn": 0,
                "leftArm": {
                    "z": -1.7136763119651732e-08
                }
            },
            {
                "tick": 20,
                "easing": "EASEINOUTQUAD",
                "turn": 0,
                "leftArm": {
                    "z": -3.581271101893435e-08
                }
            },
            {
                "tick": 30,
                "easing": "EASEINOUTQUAD",
                "turn": 0,
                "leftArm": {
                    "z": -0.0
                }
            },
            {
                "tick": 3,
                "easing": "EASEINOUTQUAD",
                "turn": 0,
                "leftArm": {
                    "x": 4.962802410125732
                }
            },
            {
                "tick": 20,
                "easing": "EASEINOUTQUAD",
                "turn": 0,
                "leftArm": {
                    "x": 4.962802410125732
                }
            },
            {
                "tick": 30,
                "easing": "EASEINOUTQUAD",
                "turn": 0,
                "leftArm": {
                    "x": 5.0
                }
            },
            {
                "tick": 3,
                "easing": "EASEINOUTQUAD",
                "turn": 0,
                "leftArm": {
                    "bend": -1.3599687814712524
                }
            },
            {
                "tick": 22,
                "easing": "EASEINOUTQUAD",
                "turn": 0,
                "leftArm": {
                    "bend": -1.3599687814712524
                }
            },
            {
                "tick": 30,
                "easing": "EASEINOUTQUAD",
                "turn": 0,
                "leftArm": {
                    "bend": 0.0
                }
            },
            {
                "tick": 3,
                "easing": "EASEINOUTQUAD",
                "turn": 0,
                "rightItem": {
                    "x": 0.0
                }
            },
            {
                "tick": 11,
                "easing": "EASEINOUTQUAD",
                "turn": 0,
                "rightItem": {
                    "x": 0.0
                }
            },
            {
                "tick": 12,
                "easing": "EASEINOUTQUAD",
                "turn": 0,
                "rightItem": {
                    "x": 3.2527449131011963
                }
            },
            {
                "tick": 18,
                "easing": "EASEINOUTQUAD",
                "turn": 0,
                "rightItem": {
                    "x": 0.23553699254989624
                }
            },
            {
                "tick": 25,
                "easing": "EASEINOUTQUAD",
                "turn": 0,
                "rightItem": {
                    "x": 0.0
                }
            },
            {
                "tick": 3,
                "easing": "EASEINOUTQUAD",
                "turn": 0,
                "rightItem": {
                    "z": -84.60321044921875
                }
            },
            {
                "tick": 11,
                "easing": "EASEINOUTQUAD",
                "turn": 0,
                "rightItem": {
                    "z": -84.60321044921875
                }
            },
            {
                "tick": 12,
                "easing": "EASEINOUTQUAD",
                "turn": 0,
                "rightItem": {
                    "z": 0.05559363216161728
                }
            },
            {
                "tick": 18,
                "easing": "EASEINOUTQUAD",
                "turn": 0,
                "rightItem": {
                    "z": -3.2324745655059814
                }
            },
            {
                "tick": 25,
                "easing": "EASEINOUTQUAD",
                "turn": 0,
                "rightItem": {
                    "z": 0.0
                }
            },
            {
                "tick": 3,
                "easing": "EASEINOUTQUAD",
                "turn": 0,
                "rightItem": {
                    "y": 0.0
                }
            },
            {
                "tick": 11,
                "easing": "EASEINOUTQUAD",
                "turn": 0,
                "rightItem": {
                    "y": 0.0
                }
            },
            {
                "tick": 12,
                "easing": "EASEINOUTQUAD",
                "turn": 0,
                "rightItem": {
                    "y": -2.793437957763672
                }
            },
            {
                "tick": 18,
                "easing": "EASEINOUTQUAD",
                "turn": 0,
                "rightItem": {
                    "y": -2.354226589202881
                }
            },
            {
                "tick": 25,
                "easing": "EASEINOUTQUAD",
                "turn": 0,
                "rightItem": {
                    "y": 0.0
                }
            },
            {
                "tick": 3,
                "easing": "EASEINOUTQUAD",
                "turn": 0,
                "rightItem": {
                    "pitch": 0.0
                }
            },
            {
                "tick": 11,
                "easing": "EASEINOUTQUAD",
                "turn": 0,
                "rightItem": {
                    "pitch": 0.0
                }
            },
            {
                "tick": 12,
                "easing": "EASEINOUTQUAD",
                "turn": 0,
                "rightItem": {
                    "pitch": 0.17055408656597137
                }
            },
            {
                "tick": 18,
                "easing": "EASEINOUTQUAD",
                "turn": 0,
                "rightItem": {
                    "pitch": 0.9173409938812256
                }
            },
            {
                "tick": 25,
                "easing": "EASEINOUTQUAD",
                "turn": 0,
                "rightItem": {
                    "pitch": 0.0
                }
            },
            {
                "tick": 3,
                "easing": "EASEINOUTQUAD",
                "turn": 0,
                "rightItem": {
                    "yaw": 0.0
                }
            },
            {
                "tick": 11,
                "easing": "EASEINOUTQUAD",
                "turn": 0,
                "rightItem": {
                    "yaw": 0.0
                }
            },
            {
                "tick": 12,
                "easing": "EASEINOUTQUAD",
                "turn": 0,
                "rightItem": {
                    "yaw": 0.05348485708236694
                }
            },
            {
                "tick": 18,
                "easing": "EASEINOUTQUAD",
                "turn": 0,
                "rightItem": {
                    "yaw": 0.16631333529949188
                }
            },
            {
                "tick": 25,
                "easing": "EASEINOUTQUAD",
                "turn": 0,
                "rightItem": {
                    "yaw": 0.0
                }
            },
            {
                "tick": 3,
                "easing": "EASEINOUTQUAD",
                "turn": 0,
                "rightItem": {
                    "roll": 0.0
                }
            },
            {
                "tick": 11,
                "easing": "EASEINOUTQUAD",
                "turn": 0,
                "rightItem": {
                    "roll": 0.0
                }
            },
            {
                "tick": 12,
                "easing": "EASEINOUTQUAD",
                "turn": 0,
                "rightItem": {
                    "roll": 1.2896242141723633
                }
            },
            {
                "tick": 18,
                "easing": "EASEINOUTQUAD",
                "turn": 0,
                "rightItem": {
                    "roll": 1.4332857131958008
                }
            },
            {
                "tick": 25,
                "easing": "EASEINOUTQUAD",
                "turn": 0,
                "rightItem": {
                    "roll": 0.0
                }
            }
        ]
    }
}