{
    "version": 1,
    "valid": true,
    "name": {
        "translate": "mineeemotes.emote.name.miembog",
        "fallback": "Run"
    },
    "description": {
        "translate": "mineeemotes.emote.description.miembog",
        "fallback": "Run"
    },
    "author": "MineEmotes",
    "emote": {
        "beginTick": 5,
        "endTick": 14,
        "stopTick": 15,
        "isLoop": true,
        "returnTick": 4,
        "nsfw": false,
        "degrees": false,
        "moves": [
            {
                "tick": 2,
                "easing": "INOUTQUAD",
                "head": {
                    "x": -0.0
                }
            },
            {
                "tick": 6,
                "easing": "INOUTQUAD",
                "head": {
                    "x": -0.0
                }
            },
            {
                "tick": 22,
                "easing": "INOUTQUAD",
                "head": {
                    "x": -0.0
                }
            },
            {
                "tick": 2,
                "easing": "INOUTQUAD",
                "head": {
                    "y": -0.0
                }
            },
            {
                "tick": 6,
                "easing": "INOUTQUAD",
                "head": {
                    "y": -0.0
                }
            },
            {
                "tick": 22,
                "easing": "INOUTQUAD",
                "head": {
                    "y": -0.0
                }
            },
            {
                "tick": 2,
                "easing": "INOUTQUAD",
                "head": {
                    "z": -0.0
                }
            },
            {
                "tick": 6,
                "easing": "INOUTQUAD",
                "head": {
                    "z": -0.0
                }
            },
            {
                "tick": 22,
                "easing": "INOUTQUAD",
                "head": {
                    "z": -0.0
                }
            },
            {
                "tick": 2,
                "easing": "INOUTQUAD",
                "head": {
                    "pitch": -0.21061842
                }
            },
            {
                "tick": 6,
                "easing": "INOUTQUAD",
                "head": {
                    "pitch": -0.21017815
                }
            },
            {
                "tick": 12,
                "easing": "INOUTQUAD",
                "head": {
                    "pitch": -0.21026635
                }
            },
            {
                "tick": 16,
                "easing": "INOUTQUAD",
                "head": {
                    "pitch": -0.21017815
                }
            },
            {
                "tick": 22,
                "easing": "INOUTQUAD",
                "head": {
                    "pitch": -0.21026635
                }
            },
            {
                "tick": 2,
                "easing": "INOUTQUAD",
                "head": {
                    "yaw": -0.0
                }
            },
            {
                "tick": 6,
                "easing": "INOUTQUAD",
                "head": {
                    "yaw": 0.016002426
                }
            },
            {
                "tick": 12,
                "easing": "INOUTQUAD",
                "head": {
                    "yaw": -0.014311338
                }
            },
            {
                "tick": 16,
                "easing": "INOUTQUAD",
                "head": {
                    "yaw": 0.016002426
                }
            },
            {
                "tick": 22,
                "easing": "INOUTQUAD",
                "head": {
                    "yaw": -0.014311338
                }
            },
            {
                "tick": 2,
                "easing": "INOUTQUAD",
                "head": {
                    "roll": 0.0
                }
            },
            {
                "tick": 6,
                "easing": "INOUTQUAD",
                "head": {
                    "roll": 0.05500497
                }
            },
            {
                "tick": 12,
                "easing": "INOUTQUAD",
                "head": {
                    "roll": -0.04918638
                }
            },
            {
                "tick": 16,
                "easing": "INOUTQUAD",
                "head": {
                    "roll": 0.05500497
                }
            },
            {
                "tick": 22,
                "easing": "INOUTQUAD",
                "head": {
                    "roll": -0.04918638
                }
            },
            {
                "tick": 2,
                "easing": "INOUTQUAD",
                "rightLeg": {
                    "x": -1.9
                }
            },
            {
                "tick": 4,
                "easing": "INOUTQUAD",
                "rightLeg": {
                    "x": -2.42
                }
            },
            {
                "tick": 14,
                "easing": "INOUTQUAD",
                "rightLeg": {
                    "x": -2.42
                }
            },
            {
                "tick": 2,
                "easing": "INOUTQUAD",
                "rightLeg": {
                    "y": 9.973837
                }
            },
            {
                "tick": 4,
                "easing": "INOUTQUAD",
                "rightLeg": {
                    "y": 11.172426
                }
            },
            {
                "tick": 6,
                "easing": "INOUTQUAD",
                "rightLeg": {
                    "y": 10.188472
                }
            },
            {
                "tick": 8,
                "easing": "INOUTQUAD",
                "rightLeg": {
                    "y": 10.748092
                }
            },
            {
                "tick": 10,
                "easing": "INOUTQUAD",
                "rightLeg": {
                    "y": 11.787167
                }
            },
            {
                "tick": 12,
                "easing": "INOUTQUAD",
                "rightLeg": {
                    "y": 9.757506
                }
            },
            {
                "tick": 14,
                "easing": "INOUTQUAD",
                "rightLeg": {
                    "y": 11.172426
                }
            },
            {
                "tick": 2,
                "easing": "INOUTQUAD",
                "rightLeg": {
                    "z": -1.4102637
                }
            },
            {
                "tick": 4,
                "easing": "INOUTQUAD",
                "rightLeg": {
                    "z": -2.597437
                }
            },
            {
                "tick": 6,
                "easing": "INOUTQUAD",
                "rightLeg": {
                    "z": -2.3110094
                }
            },
            {
                "tick": 8,
                "easing": "INOUTQUAD",
                "rightLeg": {
                    "z": 0.70267195
                }
            },
            {
                "tick": 10,
                "easing": "INOUTQUAD",
                "rightLeg": {
                    "z": 1.3912938
                }
            },
            {
                "tick": 12,
                "easing": "INOUTQUAD",
                "rightLeg": {
                    "z": -4.0533895
                }
            },
            {
                "tick": 14,
                "easing": "INOUTQUAD",
                "rightLeg": {
                    "z": -2.597437
                }
            },
            {
                "tick": 2,
                "easing": "INOUTQUAD",
                "rightLeg": {
                    "pitch": -0.288535
                }
            },
            {
                "tick": 4,
                "easing": "INOUTQUAD",
                "rightLeg": {
                    "pitch": -1.2068405
                }
            },
            {
                "tick": 6,
                "easing": "INOUTQUAD",
                "rightLeg": {
                    "pitch": -0.2113545
                }
            },
            {
                "tick": 8,
                "easing": "INOUTQUAD",
                "rightLeg": {
                    "pitch": -0.0044375807
                }
            },
            {
                "tick": 10,
                "easing": "INOUTQUAD",
                "rightLeg": {
                    "pitch": 0.74825376
                }
            },
            {
                "tick": 12,
                "easing": "INOUTQUAD",
                "rightLeg": {
                    "pitch": 0.98603195
                }
            },
            {
                "tick": 14,
                "easing": "INOUTQUAD",
                "rightLeg": {
                    "pitch": -1.2068405
                }
            },
            {
                "tick": 2,
                "easing": "INOUTQUAD",
                "rightLeg": {
                    "yaw": 9.178935e-18
                }
            },
            {
                "tick": 4,
                "easing": "INOUTQUAD",
                "rightLeg": {
                    "yaw": 1.4300253e-16
                }
            },
            {
                "tick": 6,
                "easing": "INOUTQUAD",
                "rightLeg": {
                    "yaw": 4.9409814e-18
                }
            },
            {
                "tick": 8,
                "easing": "INOUTQUAD",
                "rightLeg": {
                    "yaw": 2.170522e-21
                }
            },
            {
                "tick": 10,
                "easing": "INOUTQUAD",
                "rightLeg": {
                    "yaw": 5.9313006e-17
                }
            },
            {
                "tick": 12,
                "easing": "INOUTQUAD",
                "rightLeg": {
                    "yaw": 9.947535e-17
                }
            },
            {
                "tick": 14,
                "easing": "INOUTQUAD",
                "rightLeg": {
                    "yaw": 1.4300253e-16
                }
            },
            {
                "tick": 2,
                "easing": "INOUTQUAD",
                "rightLeg": {
                    "roll": 6.318236e-17
                }
            },
            {
                "tick": 4,
                "easing": "INOUTQUAD",
                "rightLeg": {
                    "roll": 2.0749979e-16
                }
            },
            {
                "tick": 6,
                "easing": "INOUTQUAD",
                "rightLeg": {
                    "roll": 4.6581465e-17
                }
            },
            {
                "tick": 8,
                "easing": "INOUTQUAD",
                "rightLeg": {
                    "roll": 9.852912e-19
                }
            },
            {
                "tick": 10,
                "easing": "INOUTQUAD",
                "rightLeg": {
                    "roll": -1.5107028e-16
                }
            },
            {
                "tick": 12,
                "easing": "INOUTQUAD",
                "rightLeg": {
                    "roll": -1.8515017e-16
                }
            },
            {
                "tick": 14,
                "easing": "INOUTQUAD",
                "rightLeg": {
                    "roll": 2.0749979e-16
                }
            },
            {
                "tick": 4,
                "easing": "INOUTQUAD",
                "rightArm": {
                    "x": -5.0
                }
            },
            {
                "tick": 14,
                "easing": "INOUTQUAD",
                "rightArm": {
                    "x": -5.0
                }
            },
            {
                "tick": 4,
                "easing": "INOUTQUAD",
                "rightArm": {
                    "y": 2.0
                }
            },
            {
                "tick": 14,
                "easing": "INOUTQUAD",
                "rightArm": {
                    "y": 2.0
                }
            },
            {
                "tick": 4,
                "easing": "INOUTQUAD",
                "rightArm": {
                    "z": -0.0
                }
            },
            {
                "tick": 14,
                "easing": "INOUTQUAD",
                "rightArm": {
                    "z": -0.0
                }
            },
            {
                "tick": 4,
                "easing": "INOUTQUAD",
                "rightArm": {
                    "pitch": 1.2012225
                }
            },
            {
                "tick": 6,
                "easing": "INOUTQUAD",
                "rightArm": {
                    "pitch": -0.14975229
                }
            },
            {
                "tick": 10,
                "easing": "INOUTQUAD",
                "rightArm": {
                    "pitch": -1.5569171
                }
            },
            {
                "tick": 14,
                "easing": "INOUTQUAD",
                "rightArm": {
                    "pitch": 1.1895672
                }
            },
            {
                "tick": 4,
                "easing": "INOUTQUAD",
                "rightArm": {
                    "yaw": 0.08143286
                }
            },
            {
                "tick": 6,
                "easing": "INOUTQUAD",
                "rightArm": {
                    "yaw": 0.03256636
                }
            },
            {
                "tick": 10,
                "easing": "INOUTQUAD",
                "rightArm": {
                    "yaw": 0.071894
                }
            },
            {
                "tick": 14,
                "easing": "INOUTQUAD",
                "rightArm": {
                    "yaw": 1.6543612e-24
                }
            },
            {
                "tick": 4,
                "easing": "INOUTQUAD",
                "rightArm": {
                    "roll": 0.28417262
                }
            },
            {
                "tick": 6,
                "easing": "INOUTQUAD",
                "rightArm": {
                    "roll": 0.112148546
                }
            },
            {
                "tick": 10,
                "easing": "INOUTQUAD",
                "rightArm": {
                    "roll": 0.24999723
                }
            },
            {
                "tick": 14,
                "easing": "INOUTQUAD",
                "rightArm": {
                    "roll": 0.0
                }
            },
            {
                "tick": 4,
                "easing": "INOUTQUAD",
                "leftArm": {
                    "x": 5.0
                }
            },
            {
                "tick": 14,
                "easing": "INOUTQUAD",
                "leftArm": {
                    "x": 5.0
                }
            },
            {
                "tick": 4,
                "easing": "INOUTQUAD",
                "leftArm": {
                    "y": 2.0
                }
            },
            {
                "tick": 14,
                "easing": "INOUTQUAD",
                "leftArm": {
                    "y": 2.0
                }
            },
            {
                "tick": 4,
                "easing": "INOUTQUAD",
                "leftArm": {
                    "z": -0.0
                }
            },
            {
                "tick": 14,
                "easing": "INOUTQUAD",
                "leftArm": {
                    "z": -0.0
                }
            },
            {
                "tick": 4,
                "easing": "INOUTQUAD",
                "leftArm": {
                    "pitch": -1.4321073
                }
            },
            {
                "tick": 6,
                "easing": "INOUTQUAD",
                "leftArm": {
                    "pitch": -0.2501941
                }
            },
            {
                "tick": 10,
                "easing": "INOUTQUAD",
                "leftArm": {
                    "pitch": 1.2229844
                }
            },
            {
                "tick": 12,
                "easing": "INOUTQUAD",
                "leftArm": {
                    "pitch": -0.113678515
                }
            },
            {
                "tick": 14,
                "easing": "INOUTQUAD",
                "leftArm": {
                    "pitch": -1.4321073
                }
            },
            {
                "tick": 4,
                "easing": "INOUTQUAD",
                "leftArm": {
                    "yaw": -0.08406599
                }
            },
            {
                "tick": 6,
                "easing": "INOUTQUAD",
                "leftArm": {
                    "yaw": -0.028190374
                }
            },
            {
                "tick": 10,
                "easing": "INOUTQUAD",
                "leftArm": {
                    "yaw": -0.086962715
                }
            },
            {
                "tick": 12,
                "easing": "INOUTQUAD",
                "leftArm": {
                    "yaw": -0.046661507
                }
            },
            {
                "tick": 14,
                "easing": "INOUTQUAD",
                "leftArm": {
                    "yaw": -0.08406599
                }
            },
            {
                "tick": 4,
                "easing": "INOUTQUAD",
                "leftArm": {
                    "roll": -0.29367417
                }
            },
            {
                "tick": 6,
                "easing": "INOUTQUAD",
                "leftArm": {
                    "roll": -0.097019166
                }
            },
            {
                "tick": 10,
                "easing": "INOUTQUAD",
                "leftArm": {
                    "roll": -0.3041636
                }
            },
            {
                "tick": 12,
                "easing": "INOUTQUAD",
                "leftArm": {
                    "roll": -0.1611118
                }
            },
            {
                "tick": 14,
                "easing": "INOUTQUAD",
                "leftArm": {
                    "roll": -0.29367417
                }
            },
            {
                "tick": 2,
                "easing": "INOUTQUAD",
                "leftLeg": {
                    "x": 1.9
                }
            },
            {
                "tick": 4,
                "easing": "INOUTQUAD",
                "leftLeg": {
                    "x": 2.5
                }
            },
            {
                "tick": 14,
                "easing": "INOUTQUAD",
                "leftLeg": {
                    "x": 2.5
                }
            },
            {
                "tick": 2,
                "easing": "INOUTQUAD",
                "leftLeg": {
                    "y": 11.9384575
                }
            },
            {
                "tick": 4,
                "easing": "INOUTQUAD",
                "leftLeg": {
                    "y": 12.772526
                }
            },
            {
                "tick": 6,
                "easing": "INOUTQUAD",
                "leftLeg": {
                    "y": 10.113575
                }
            },
            {
                "tick": 8,
                "easing": "INOUTQUAD",
                "leftLeg": {
                    "y": 7.2703857
                }
            },
            {
                "tick": 10,
                "easing": "INOUTQUAD",
                "leftLeg": {
                    "y": 11.459659
                }
            },
            {
                "tick": 12,
                "easing": "INOUTQUAD",
                "leftLeg": {
                    "y": 9.6344
                }
            },
            {
                "tick": 14,
                "easing": "INOUTQUAD",
                "leftLeg": {
                    "y": 12.772526
                }
            },
            {
                "tick": 2,
                "easing": "INOUTQUAD",
                "leftLeg": {
                    "z": 1.2545252
                }
            },
            {
                "tick": 4,
                "easing": "INOUTQUAD",
                "leftLeg": {
                    "z": 0.48229852
                }
            },
            {
                "tick": 6,
                "easing": "INOUTQUAD",
                "leftLeg": {
                    "z": -4.4615397
                }
            },
            {
                "tick": 8,
                "easing": "INOUTQUAD",
                "leftLeg": {
                    "z": -3.3162336
                }
            },
            {
                "tick": 10,
                "easing": "INOUTQUAD",
                "leftLeg": {
                    "z": -2.0198681
                }
            },
            {
                "tick": 12,
                "easing": "INOUTQUAD",
                "leftLeg": {
                    "z": -1.7426655
                }
            },
            {
                "tick": 14,
                "easing": "INOUTQUAD",
                "leftLeg": {
                    "z": 0.48229852
                }
            },
            {
                "tick": 2,
                "easing": "INOUTQUAD",
                "leftLeg": {
                    "pitch": 0.06957746
                }
            },
            {
                "tick": 4,
                "easing": "INOUTQUAD",
                "leftLeg": {
                    "pitch": 0.8208385
                }
            },
            {
                "tick": 6,
                "easing": "INOUTQUAD",
                "leftLeg": {
                    "pitch": 0.8208385
                }
            },
            {
                "tick": 8,
                "easing": "INOUTQUAD",
                "leftLeg": {
                    "pitch": -0.17412086
                }
            },
            {
                "tick": 10,
                "easing": "INOUTQUAD",
                "leftLeg": {
                    "pitch": -1.501148
                }
            },
            {
                "tick": 12,
                "easing": "INOUTQUAD",
                "leftLeg": {
                    "pitch": -0.3060187
                }
            },
            {
                "tick": 14,
                "easing": "INOUTQUAD",
                "leftLeg": {
                    "pitch": 0.8208385
                }
            },
            {
                "tick": 2,
                "easing": "INOUTQUAD",
                "leftLeg": {
                    "yaw": 5.372356e-19
                }
            },
            {
                "tick": 4,
                "easing": "INOUTQUAD",
                "leftLeg": {
                    "yaw": 7.0697234e-17
                }
            },
            {
                "tick": 6,
                "easing": "INOUTQUAD",
                "leftLeg": {
                    "yaw": 7.0697234e-17
                }
            },
            {
                "tick": 8,
                "easing": "INOUTQUAD",
                "leftLeg": {
                    "yaw": 3.3574798e-18
                }
            },
            {
                "tick": 10,
                "easing": "INOUTQUAD",
                "leftLeg": {
                    "yaw": 2.0659213e-16
                }
            },
            {
                "tick": 12,
                "easing": "INOUTQUAD",
                "leftLeg": {
                    "yaw": 1.0316067e-17
                }
            },
            {
                "tick": 14,
                "easing": "INOUTQUAD",
                "leftLeg": {
                    "yaw": 7.0697234e-17
                }
            },
            {
                "tick": 2,
                "easing": "INOUTQUAD",
                "leftLeg": {
                    "roll": -1.5436828e-17
                }
            },
            {
                "tick": 4,
                "easing": "INOUTQUAD",
                "leftLeg": {
                    "roll": -1.6247393e-16
                }
            },
            {
                "tick": 6,
                "easing": "INOUTQUAD",
                "leftLeg": {
                    "roll": -1.6247393e-16
                }
            },
            {
                "tick": 8,
                "easing": "INOUTQUAD",
                "leftLeg": {
                    "roll": 3.8467565e-17
                }
            },
            {
                "tick": 10,
                "easing": "INOUTQUAD",
                "leftLeg": {
                    "roll": 2.2150629e-16
                }
            },
            {
                "tick": 12,
                "easing": "INOUTQUAD",
                "leftLeg": {
                    "roll": 6.689429e-17
                }
            },
            {
                "tick": 14,
                "easing": "INOUTQUAD",
                "leftLeg": {
                    "roll": -1.6247393e-16
                }
            },
            {
                "tick": 2,
                "easing": "INOUTQUAD",
                "body": {
                    "x": 1.4696903e-17
                }
            },
            {
                "tick": 6,
                "easing": "INOUTQUAD",
                "body": {
                    "x": 0.037937697
                }
            },
            {
                "tick": 12,
                "easing": "INOUTQUAD",
                "body": {
                    "x": -0.0275
                }
            },
            {
                "tick": 16,
                "easing": "INOUTQUAD",
                "body": {
                    "x": 0.037937697
                }
            },
            {
                "tick": 22,
                "easing": "INOUTQUAD",
                "body": {
                    "x": -0.0275
                }
            },
            {
                "tick": 2,
                "easing": "INOUTQUAD",
                "body": {
                    "y": -0.06618897
                }
            },
            {
                "tick": 4,
                "easing": "INOUTQUAD",
                "body": {
                    "y": 0.031311028
                }
            },
            {
                "tick": 6,
                "easing": "INOUTQUAD",
                "body": {
                    "y": -0.07868897
                }
            },
            {
                "tick": 10,
                "easing": "INOUTQUAD",
                "body": {
                    "y": 0.022514723
                }
            },
            {
                "tick": 12,
                "easing": "INOUTQUAD",
                "body": {
                    "y": -0.11118898
                }
            },
            {
                "tick": 14,
                "easing": "INOUTQUAD",
                "body": {
                    "y": 0.031311028
                }
            },
            {
                "tick": 2,
                "easing": "INOUTQUAD",
                "body": {
                    "pitch": -0.2832702
                }
            },
            {
                "tick": 4,
                "easing": "INOUTQUAD",
                "body": {
                    "pitch": -0.2832702
                }
            },
            {
                "tick": 14,
                "easing": "INOUTQUAD",
                "body": {
                    "pitch": -0.2832702
                }
            },
            {
                "tick": 2,
                "easing": "INOUTQUAD",
                "body": {
                    "yaw": -8.849244e-18
                }
            },
            {
                "tick": 2,
                "easing": "INOUTQUAD",
                "body": {
                    "roll": -6.206081e-17
                }
            },
            {
                "tick": 6,
                "easing": "INOUTQUAD",
                "body": {
                    "roll": -0.05667302
                }
            },
            {
                "tick": 12,
                "easing": "INOUTQUAD",
                "body": {
                    "roll": 0.04302135
                }
            },
            {
                "tick": 16,
                "easing": "INOUTQUAD",
                "body": {
                    "roll": -0.05667302
                }
            },
            {
                "tick": 22,
                "easing": "INOUTQUAD",
                "body": {
                    "roll": 0.04302135
                }
            }
        ]
    }
}