{
    "name": {
        "translate": "mineeemotes.emote.name.miemgpmegaphonespeak",
        "fallback": "§L§f [§2gp §F] § to speak in the loudspeaker"
    },
    "author": "MineEmotes",
    "description": {
        "translate": "mineeemotes.emote.description.miemgpmegaphonespeak",
        "fallback": "Attention attention!"
    },
    "emote": {
        "isLoop": "true",
        "returnTick": 2,
        "beginTick": 0,
        "endTick": 60,
        "stopTick": 61,
        "degrees": false,
        "moves": [
            {
                "tick": 10,
                "easing": "EASEINOUTQUAD",
                "turn": 0,
                "rightArm": {
                    "yaw": -0.39122313261032104
                }
            },
            {
                "tick": 10,
                "easing": "EASEINOUTQUAD",
                "turn": 0,
                "rightArm": {
                    "roll": 0.01679117977619171
                }
            },
            {
                "tick": 10,
                "easing": "EASEINOUTQUAD",
                "turn": 0,
                "rightArm": {
                    "y": 2.0
                }
            },
            {
                "tick": 10,
                "easing": "EASEINOUTQUAD",
                "turn": 0,
                "rightArm": {
                    "z": 3.397342140942783e-08
                }
            },
            {
                "tick": 10,
                "easing": "EASEINOUTQUAD",
                "turn": 0,
                "rightArm": {
                    "x": -3.8600411415100098
                }
            },
            {
                "tick": 10,
                "easing": "EASEINOUTQUAD",
                "turn": 0,
                "rightArm": {
                    "pitch": -1.4283533096313477
                }
            }
        ]
    }
}